id_aluno,semestre_atual,total_semestres_cursados,nota_disciplina1,nota_disciplina2,nota_disciplina3,nota_disciplina4,nota_disciplina5,nota_disciplina6,nota_disciplina7,nota_disciplina8,nota_disciplina9,nota_disciplina10,media_notas,taxa_aprovacao,frequencia,evadiu,qtd_trancamentos
1,10,3,7.36,06.06,1.15,04.05,1.37,2.24,4.85,6.21,7.17,5.61,0.62,0.87,32,1,3
2,7,7,4.9,6.27,02.02,9.19,7.95,5.62,4.71,3.46,6.34,9.7,0.89,0.88,19,1,3
3,2,4,9.95,8.94,9.93,09.09,7.12,2.12,4.1,5.45,5.57,8.8,3.34,0.65,99,0,3
4,2,4,3.35,6.82,5.18,5.27,3.49,7.3,09.08,7.22,05.07,8.68,5.73,0.61,90,1,3
5,3,3,7.63,0.88,3.31,3.41,0.07,6.32,7.7,6.93,9.55,8.64,6.12,0.84,86,1,4
6,9,10,09.07,2.32,9.1,6.17,9.0,02.07,8.4,9.94,5.29,0.33,5.15,0.27,84,1,3
7,10,9,1.77,0.96,2.28,1.49,5.65,0.88,1.7,5.25,7.53,1.64,6.65,0.26,53,0,3
8,8,6,8.47,7.33,02.08,4.54,1.68,5.51,6.85,7.44,3.72,0.38,7.32,0.36,100,1,3
9,1,4,05.04,1.24,7.97,3.6,7.5,0.58,7.64,4.64,9.16,8.83,01.02,0.1,23,0,3
10,6,10,6.87,6.3,5.14,0.33,5.18,8.88,0.04,9.45,7.8,5.42,1.94,0.57,28,1,0
11,10,8,7.82,2.96,5.37,5.88,1.5,6.62,0.27,9.22,5.52,8.61,9.73,0.54,29,1,0
12,2,5,3.53,2.91,2.73,5.87,0.98,09.02,4.15,4.11,1.58,3.31,0.86,0.51,42,0,2
13,10,9,05.03,5.48,8.65,9.94,9.27,8.15,6.87,5.64,7.96,8.23,0.62,0.2,82,0,0
14,8,10,9.28,4.13,0.16,2.73,7.86,0.29,5.91,3.86,0.46,4.46,0.96,0.46,34,0,4
15,10,2,09.01,0.01,4.12,0.36,1.36,8.64,9.27,02.03,8.4,1.1,07.05,0.29,20,0,0
16,8,5,2.22,4.44,2.97,7.76,2.89,07.06,4.82,7.82,8.4,9.25,4.77,0.06,92,0,4
17,6,5,8.54,6.16,7.12,6.53,6.8,0.29,1.42,4.47,2.68,5.87,3.88,0.17,62,0,2
18,3,4,2.98,8.67,6.53,8.3,1.47,04.08,0.4,9.46,9.72,9.12,8.94,0.02,58,1,0
19,3,4,2.0,3.14,5.65,2.32,6.93,9.4,1.39,4.63,8.5,9.85,2.95,0.63,80,1,4
20,3,7,4.19,4.9,9.56,9.2,0.76,7.66,3.35,4.79,1.19,1.6,2.5,0.34,34,1,3
21,2,3,01.07,2.0,6.31,3.78,7.58,2.92,3.18,6.93,2.49,0.64,9.9,0.23,37,1,2
22,2,8,3.38,8.13,0.05,4.72,1.95,8.65,8.44,3.59,2.54,09.03,7.21,0.22,19,1,4
23,10,7,1.21,4.68,6.68,0.73,2.6,06.06,4.57,6.37,9.74,5.7,7.84,0.09,25,0,2
24,9,3,5.49,3.99,3.21,02.08,7.72,4.56,08.07,5.21,4.31,10.0,3.5,0.86,10,0,1
25,3,7,6.13,2.99,2.72,1.88,2.43,2.69,8.95,2.93,5.64,6.32,0.85,0.27,58,1,0
26,6,10,8.44,6.2,1.59,2.78,9.55,0.3,3.73,8.65,04.07,06.06,5.88,0.17,93,0,4
27,8,2,4.18,1.58,2.55,4.18,9.61,1.38,8.6,0.05,5.16,07.01,7.85,0.45,20,0,1
28,10,2,5.87,0.81,6.43,0.92,1.36,3.32,05.07,2.61,2.93,01.06,06.07,0.13,55,1,2
29,9,2,05.09,5.75,4.44,7.26,8.41,4.98,4.72,0.17,03.03,4.96,7.2,0.13,56,0,4
30,7,2,5.3,9.67,4.8,0.29,1.65,8.18,8.17,4.46,2.72,09.06,9.79,0.28,23,1,1
31,3,7,5.99,6.61,6.29,9.18,6.56,2.27,0.99,1.86,6.31,01.07,6.0,0.8,89,1,0
32,6,2,0.37,9.93,1.9,6.21,03.04,3.66,0.43,7.78,4.88,9.63,0.28,0.04,31,1,0
33,9,4,1.1,4.1,1.91,2.39,6.54,08.06,2.81,7.75,9.37,1.4,3.4,0.37,2,1,4
34,3,3,5.41,6.26,3.53,2.45,9.13,2.31,9.5,7.87,6.49,2.94,7.22,0.8,97,0,2
35,6,2,2.29,5.43,9.14,7.46,5.26,3.68,1.98,8.91,4.53,2.19,3.21,0.52,12,1,3
36,8,1,1.18,2.81,6.63,9.98,0.71,0.55,5.28,0.25,2.48,1.39,1.77,0.4,39,0,0
37,6,9,1.3,7.88,8.96,6.12,0.14,0.16,4.13,2.62,5.45,1.98,06.04,0.44,4,1,4
38,8,6,4.51,1.64,9.48,1.0,0.08,07.01,02.04,1.63,2.51,7.96,0.6,0.86,52,0,4
39,2,3,3.21,3.0,03.02,3.98,6.24,4.89,7.6,1.65,0.36,1.14,5.24,0.17,74,0,0
40,2,6,4.4,2.61,9.58,5.87,0.44,0.13,0.62,04.06,7.34,3.92,1.22,0.7,2,0,2
41,8,5,1.64,2.15,4.11,0.48,0.33,9.79,8.59,2.6,0.07,3.63,6.5,0.18,73,0,4
42,7,3,2.88,5.3,8.68,6.45,0.12,9.64,4.5,2.15,2.95,4.71,9.33,0.27,88,1,4
43,7,2,6.94,07.01,5.29,0.13,1.24,0.49,2.2,5.18,2.94,9.18,8.99,0.94,69,0,1
44,10,9,4.2,6.65,8.6,4.81,3.69,2.84,8.33,6.18,7.7,7.27,5.95,0.89,15,0,0
45,9,5,0.94,2.94,9.2,2.31,0.16,4.1,7.5,5.27,9.44,1.78,3.91,0.36,35,1,1
46,6,1,8.4,8.38,0.79,3.79,0.53,9.47,3.65,6.81,6.9,3.87,9.35,0.43,37,1,0
47,9,1,0.42,1.49,2.35,8.95,8.49,9.48,9.31,5.94,1.94,5.14,6.97,0.77,37,0,1
48,6,9,6.92,9.18,9.36,2.44,6.43,0.96,3.33,0.65,7.37,8.95,5.32,0.57,54,1,3
49,3,5,2.32,5.82,3.37,0.7,1.24,2.47,1.49,2.23,1.53,0.08,0.01,0.03,38,1,0
50,2,9,6.93,3.41,8.18,8.42,1.44,7.28,01.08,8.34,9.88,9.32,08.01,0.29,98,0,2
51,9,4,08.08,8.12,4.61,0.34,6.97,8.34,7.25,7.34,6.18,0.84,9.25,0.43,62,1,4
52,6,1,6.12,09.03,1.11,8.99,7.39,5.46,3.69,6.46,0.24,6.29,6.42,0.8,99,1,2
53,4,4,5.29,5.83,6.91,2.95,8.13,09.04,7.31,3.31,3.83,0.62,0.65,0.74,22,1,3
54,8,5,6.85,4.14,9.6,1.28,1.39,5.76,3.31,5.93,0.24,0.41,9.54,0.71,80,0,4
55,1,6,7.98,08.02,3.25,4.14,2.57,5.49,4.25,08.09,0.19,8.2,7.59,0.65,14,0,2
56,9,10,0.05,3.55,2.18,6.45,2.68,1.66,1.99,2.73,1.31,2.57,7.85,0.69,81,1,3
57,5,10,2.97,4.15,3.19,1.87,8.78,6.66,8.47,4.94,4.55,6.51,4.56,0.18,70,1,0
58,3,10,1.77,8.35,4.1,2.68,6.31,6.31,0.17,1.54,06.04,8.57,5.91,0.56,83,0,1
59,5,10,1.57,2.38,5.77,9.55,2.91,1.37,3.88,5.1,8.55,02.07,6.6,0.62,22,1,2
60,10,3,8.53,1.27,06.02,9.5,0.61,0.23,5.94,4.7,08.01,03.08,1.71,0.8,75,0,0
61,5,7,02.03,7.11,0.87,1.33,8.81,8.87,01.09,1.12,6.53,03.06,2.72,0.18,34,1,4
62,2,3,2.86,6.48,8.15,0.57,0.62,6.12,3.46,7.23,3.64,6.44,0.53,0.71,26,1,3
63,8,5,2.44,08.06,7.23,7.72,2.11,6.15,8.29,5.78,5.66,1.62,05.02,0.23,33,0,4
64,4,7,8.65,03.05,7.38,3.81,6.83,9.98,4.84,0.58,1.73,1.84,04.08,0.53,91,1,0
65,6,9,2.67,8.53,9.99,8.76,9.64,6.17,5.26,4.99,1.5,7.43,6.13,0.18,49,1,3
66,9,4,7.74,6.34,8.13,8.79,8.49,8.72,1.2,06.02,7.1,9.75,7.49,0.67,96,1,4
67,3,2,6.94,8.28,7.25,1.33,9.27,5.49,5.87,6.8,0.82,8.11,8.81,0.15,98,1,3
68,9,10,3.81,0.28,4.19,2.47,0.49,0.03,8.7,4.13,2.54,2.83,7.69,0.98,76,0,3
69,1,7,1.38,1.78,6.79,5.4,2.86,5.48,4.43,08.02,7.29,0.03,9.45,0.9,21,0,2
70,7,4,4.3,4.92,6.88,5.23,4.37,1.17,2.91,4.48,1.85,2.85,4.14,0.75,79,0,4
71,1,9,2.21,6.57,8.5,2.41,9.98,1.79,9.3,3.42,8.87,03.03,9.4,0.81,2,1,3
72,5,6,0.13,9.66,1.2,3.53,5.0,9.17,9.73,4.53,04.09,6.39,7.38,0.1,57,0,2
73,6,9,6.25,02.07,3.75,5.39,1.28,4.19,1.4,8.52,5.51,8.16,8.48,0.69,56,0,0
74,5,3,0.1,3.96,2.28,8.24,2.11,0.42,4.67,5.4,09.03,8.51,9.41,0.18,100,0,1
75,9,9,5.49,8.23,02.04,1.9,7.17,4.18,5.43,6.1,3.55,09.07,4.89,0.98,23,0,0
76,9,9,7.3,7.96,6.97,9.36,5.54,1.56,2.71,3.62,8.12,6.99,9.48,1.0,31,0,0
77,10,10,8.14,6.85,6.78,4.44,4.12,4.53,5.0,6.27,5.63,1.23,7.2,0.5,25,1,3
78,2,6,8.24,4.95,03.04,6.8,6.23,8.47,5.16,6.15,2.45,9.17,4.58,1.0,22,0,3
79,3,2,0.89,2.96,7.75,4.28,0.29,1.13,7.35,8.76,9.76,8.3,9.73,0.03,38,0,2
80,7,5,9.96,0.82,4.5,9.14,0.08,3.22,3.39,1.57,0.71,1.18,6.76,0.22,94,0,3
81,4,3,4.43,1.0,5.12,2.84,0.06,1.21,1.57,9.54,2.39,9.23,1.57,0.64,26,1,3
82,6,5,9.33,4.24,1.11,1.51,1.23,3.75,2.57,4.12,2.46,09.05,3.16,0.67,94,0,3
83,6,5,0.14,6.59,2.97,2.53,7.6,3.55,9.44,3.9,7.43,9.88,0.97,0.14,16,1,0
84,8,10,2.73,2.79,1.98,0.49,8.58,08.06,0.9,7.89,03.04,7.83,4.33,0.66,78,0,2
85,6,8,0.86,01.07,9.24,8.29,3.98,0.29,3.23,2.87,5.73,9.32,8.5,0.34,13,1,3
86,10,7,07.06,7.83,2.16,0.45,9.19,6.31,4.97,2.88,7.47,3.91,07.02,0.62,30,0,2
87,7,7,8.84,7.0,1.12,8.45,7.15,2.21,5.77,6.52,3.23,0.21,4.49,0.05,85,0,4
88,1,9,9.72,2.31,4.44,1.46,1.62,4.72,3.22,08.06,5.92,1.21,3.14,0.08,38,0,2
89,10,2,8.67,07.02,3.22,0.74,5.33,0.35,6.8,5.12,3.39,8.66,04.01,0.73,40,0,0
90,1,4,7.12,5.62,7.87,2.22,0.57,9.53,5.88,6.17,3.37,7.21,0.3,0.95,68,0,2
91,2,10,2.17,6.58,0.67,01.06,3.25,5.53,5.6,05.02,3.82,03.04,2.63,0.78,57,1,2
92,3,5,4.53,8.3,07.03,7.64,6.89,6.78,5.75,5.31,6.96,7.37,1.13,0.6,44,1,0
93,4,8,7.43,4.76,1.21,2.16,8.41,7.93,1.23,03.08,4.34,1.13,0.61,0.15,49,1,3
94,6,1,9.75,9.43,3.28,1.32,5.28,1.26,8.37,7.11,8.57,0.05,8.46,0.95,42,1,1
95,2,10,2.36,9.39,4.72,4.84,4.97,9.29,3.51,0.94,4.83,9.91,5.4,0.46,66,0,4
96,5,1,6.58,0.96,9.83,5.52,5.73,8.96,6.45,3.24,03.04,8.73,9.4,0.61,53,0,4
97,1,2,3.27,2.3,2.47,3.18,9.31,5.32,2.59,9.24,0.95,6.88,6.98,0.9,83,1,2
98,3,7,8.18,1.41,05.08,3.78,3.76,8.8,9.84,9.0,1.99,7.0,5.81,0.3,81,1,2
99,4,6,09.01,09.02,8.24,9.48,7.12,6.54,09.05,8.25,2.98,9.12,9.96,0.44,14,1,0
100,5,3,1.67,4.11,3.17,3.39,9.31,0.73,0.88,8.2,1.88,2.22,09.02,0.3,6,0,0
101,2,3,7.68,4.87,9.61,0.58,6.63,05.02,03.06,4.8,0.99,6.1,3.45,0.59,62,0,0
102,5,2,6.59,2.3,5.25,2.9,9.64,6.92,3.16,8.57,4.1,3.33,3.2,0.14,27,0,3
103,10,1,0.88,07.04,2.48,6.68,1.49,7.99,1.15,4.55,9.22,5.73,7.17,0.22,56,1,1
104,7,6,04.04,5.85,0.17,1.31,3.54,3.65,2.34,1.45,9.44,0.42,6.94,0.2,30,0,1
105,7,7,2.13,1.66,0.42,9.43,6.51,6.63,9.11,0.78,1.5,2.8,4.43,0.19,20,0,3
106,3,5,5.71,4.77,8.65,8.82,5.24,3.6,6.47,0.39,9.37,5.83,5.87,0.74,40,1,3
107,3,8,2.94,1.33,7.78,9.6,2.69,4.75,6.78,9.28,7.86,6.57,5.82,0.94,33,1,0
108,6,8,4.8,4.22,6.7,4.4,7.79,9.6,2.57,0.51,8.42,4.71,8.68,0.42,37,1,1
109,6,9,7.19,3.6,9.21,3.57,2.95,2.54,0.16,0.49,0.12,6.36,4.32,0.29,85,0,2
110,1,6,5.69,3.15,7.45,0.94,4.58,8.13,1.66,7.42,1.75,5.92,4.67,0.37,70,0,3
111,8,5,2.55,6.63,7.71,4.97,7.73,8.72,3.31,8.47,1.78,0.44,08.07,0.52,26,1,0
112,3,2,7.69,3.91,5.97,1.51,0.51,3.39,9.22,8.44,1.55,2.61,8.49,0.31,35,1,1
113,8,3,8.61,8.89,3.47,09.04,3.62,1.37,8.11,03.03,2.94,3.75,1.18,0.99,21,1,4
114,1,9,3.55,5.67,5.46,0.54,7.27,3.74,4.63,0.76,7.83,0.21,5.77,0.37,1,0,3
115,6,1,5.89,5.34,2.7,04.08,4.39,8.51,4.45,1.99,3.21,9.16,6.34,1.0,83,1,2
116,8,3,0.74,8.26,3.38,7.43,3.13,1.94,9.99,7.45,6.21,04.04,1.27,0.32,4,0,1
117,5,10,3.11,3.67,1.92,8.98,4.8,9.6,6.59,0.91,8.42,07.05,9.81,0.62,27,1,1
118,8,3,6.4,5.3,2.66,3.24,0.42,7.43,7.36,9.18,3.53,5.28,9.58,0.05,90,1,2
119,1,10,0.66,07.09,5.18,5.63,2.4,3.98,5.98,3.92,6.92,4.6,0.42,0.69,51,0,1
120,3,3,1.36,02.05,8.15,07.02,1.68,4.11,5.1,8.43,7.76,4.25,1.87,0.93,86,1,1
121,7,7,8.96,9.88,5.62,7.11,03.03,03.09,0.37,9.51,0.53,3.31,8.64,0.0,55,0,2
122,10,5,0.37,7.61,2.63,08.06,7.77,7.13,8.61,3.37,6.47,09.02,3.63,0.68,70,0,2
123,2,4,01.08,0.26,3.87,1.15,0.48,7.72,9.68,5.58,08.01,5.55,03.05,0.46,22,1,0
124,4,2,8.84,8.44,5.64,0.31,9.0,8.9,9.97,6.94,08.09,7.72,2.42,0.93,71,0,0
125,8,4,1.46,08.03,8.72,6.2,4.17,1.74,9.63,2.84,5.47,2.29,1.79,0.12,93,0,3
126,1,3,2.53,7.0,09.07,2.93,2.41,7.62,6.22,3.63,05.02,3.16,6.47,0.73,38,1,3
127,1,6,7.54,5.77,3.75,7.67,8.29,0.12,2.98,5.66,6.83,9.24,1.28,0.91,43,0,0
128,4,4,1.11,6.59,8.21,8.74,6.95,1.59,2.73,0.95,06.05,2.11,4.17,0.68,98,1,2
129,4,3,1.85,0.74,8.25,2.42,1.6,0.71,06.02,2.74,5.22,02.09,4.73,0.87,49,0,1
130,9,7,8.82,6.71,1.17,2.33,2.19,1.46,5.54,08.09,1.92,8.84,8.42,0.57,92,1,3
131,9,3,9.46,0.8,3.86,0.6,1.89,1.56,3.75,4.28,7.93,0.87,2.45,0.19,2,1,3
132,8,4,6.99,9.4,1.94,8.93,8.89,4.16,9.75,6.29,7.99,5.85,1.4,0.14,87,0,1
133,6,5,07.03,8.24,3.92,4.1,9.22,6.24,5.17,3.83,5.24,9.6,6.84,0.04,52,1,0
134,5,4,2.77,2.65,3.91,9.98,1.2,3.7,07.06,03.03,07.02,8.1,5.14,0.65,11,0,1
135,2,2,1.95,7.22,1.52,2.14,1.31,1.23,02.01,5.53,9.88,4.17,9.17,0.52,63,1,0
136,8,8,7.29,9.59,3.79,7.92,9.43,0.14,4.61,7.66,1.56,0.91,3.88,0.82,85,0,1
137,3,7,0.92,8.63,7.28,7.47,9.75,3.26,6.86,7.19,6.27,8.26,08.03,0.06,22,0,1
138,6,3,1.98,09.03,3.37,7.65,8.18,2.32,0.17,9.1,0.93,4.77,5.94,0.61,18,1,1
139,2,4,2.62,08.01,3.79,4.51,6.58,8.74,6.45,0.92,08.05,0.04,1.72,0.24,71,0,2
140,8,7,7.59,1.3,8.6,1.9,0.67,6.78,9.5,6.31,5.44,7.55,5.62,0.22,13,1,3
141,10,5,5.91,8.28,4.12,3.49,7.15,7.51,7.35,3.41,1.73,4.68,0.39,0.35,18,0,0
142,8,5,9.95,9.61,1.29,9.71,9.53,2.66,0.09,6.95,09.03,3.7,0.94,0.46,37,0,3
143,1,6,6.31,7.52,7.79,7.92,04.08,0.56,7.99,0.59,1.87,8.45,2.9,0.99,19,1,1
144,8,9,5.73,2.47,3.76,6.61,1.52,9.94,9.84,0.78,4.43,1.94,7.32,0.98,22,1,1
145,6,10,9.93,5.5,4.92,1.39,0.11,5.1,0.53,3.54,1.25,5.45,5.98,0.08,81,0,4
146,10,9,3.94,3.95,1.86,4.41,1.29,05.03,1.37,0.01,6.57,4.55,4.2,0.86,44,0,3
147,6,6,7.65,9.48,05.08,0.64,3.56,6.9,08.07,09.05,9.86,4.62,02.06,0.97,29,1,4
148,8,9,9.81,5.64,0.41,5.83,4.11,3.76,8.59,1.0,6.36,9.84,3.32,0.19,5,0,1
149,8,8,2.71,2.77,6.24,9.57,1.88,7.65,7.79,2.7,2.17,2.94,4.1,0.25,58,0,4
150,2,8,1.59,3.41,9.36,0.84,0.86,1.85,8.69,06.04,3.46,1.29,04.08,0.82,70,1,4
151,10,2,0.84,0.97,06.03,2.89,4.61,3.89,7.99,7.23,08.05,9.27,8.9,0.38,44,0,1
152,7,1,6.73,7.94,03.03,9.4,1.26,9.93,3.34,8.47,6.6,5.66,5.97,0.84,9,0,0
153,8,1,8.88,1.34,6.11,8.85,8.82,0.1,4.37,9.21,2.58,1.88,8.65,0.32,68,1,3
154,10,2,4.37,3.2,7.26,3.16,9.96,1.95,0.52,2.39,8.11,07.03,7.5,0.12,48,1,3
155,2,4,2.14,9.8,3.51,4.66,8.38,3.13,03.08,0.2,8.77,5.75,9.62,0.86,57,0,3
156,7,7,7.76,9.55,1.91,8.57,7.49,4.4,7.98,6.27,8.29,3.96,6.13,0.75,80,1,1
157,1,2,3.78,9.93,07.04,4.24,7.31,01.07,3.66,4.86,1.54,3.49,7.55,0.57,16,1,2
158,5,8,3.69,03.05,1.46,5.99,2.85,8.71,8.28,6.53,2.59,8.29,2.13,0.3,40,0,0
159,7,7,1.27,5.56,3.98,8.5,8.41,04.03,9.48,9.54,3.75,6.47,7.64,0.23,54,1,2
160,10,10,8.29,8.4,7.36,9.14,7.7,1.42,1.18,6.35,8.82,01.05,4.67,0.64,31,0,1
161,4,7,3.71,0.91,8.29,05.02,5.56,8.67,1.95,1.47,2.6,2.35,01.07,0.89,38,0,1
162,4,7,7.38,2.65,4.99,3.57,1.35,2.4,9.4,1.37,4.27,5.28,6.71,0.77,48,1,1
163,1,7,0.65,7.23,0.72,3.11,04.01,6.72,6.47,2.58,5.86,3.49,7.15,0.99,29,0,0
164,3,4,8.93,0.46,3.25,4.27,1.63,3.43,9.29,04.07,9.81,05.05,9.84,0.35,80,0,2
165,4,4,8.5,05.03,4.27,05.07,9.86,4.41,5.13,9.54,8.51,3.41,02.02,0.83,22,0,1
166,3,7,0.21,3.27,8.83,0.51,3.94,06.03,1.39,4.78,4.99,3.41,5.89,0.94,69,1,2
167,10,2,0.75,2.88,7.18,6.91,9.67,7.82,4.26,9.81,8.79,7.31,01.03,0.97,5,0,4
168,5,8,5.26,0.17,9.49,2.41,6.63,3.37,3.91,3.43,7.64,1.39,7.78,0.5,91,0,2
169,2,5,9.8,4.22,7.38,6.73,1.17,04.08,4.37,0.32,6.81,9.47,8.32,0.32,34,1,4
170,1,2,7.91,06.03,3.8,4.29,1.72,4.98,6.15,4.45,7.57,6.29,8.4,0.19,24,1,1
171,8,8,9.15,2.14,0.75,7.21,8.59,5.5,2.37,0.38,8.51,5.92,2.52,0.87,83,1,0
172,8,3,5.9,8.28,0.39,6.44,3.5,9.93,5.61,04.06,1.7,3.43,5.43,0.78,74,1,2
173,9,9,8.47,6.33,3.38,9.47,0.89,1.55,4.75,4.97,03.08,7.45,1.48,0.08,100,0,1
174,3,3,9.32,0.4,1.14,07.09,8.1,3.64,6.57,7.66,3.21,6.37,6.92,0.57,96,1,4
175,2,3,8.79,6.15,0.86,3.61,2.86,1.61,7.53,07.01,9.15,9.64,3.7,0.34,55,0,0
176,3,6,07.08,07.09,6.82,0.12,6.59,6.83,0.99,0.65,8.23,3.11,0.75,0.41,98,0,1
177,4,5,0.21,8.51,7.74,5.13,9.84,5.44,8.82,3.4,1.66,5.93,6.8,0.25,35,1,0
178,10,7,6.24,6.76,6.48,4.91,5.41,9.28,3.58,9.85,9.26,1.31,4.69,0.85,65,0,4
179,5,4,7.62,0.33,01.03,3.89,1.78,8.18,3.46,1.27,1.97,4.23,05.02,0.56,85,1,2
180,2,4,5.91,6.14,0.44,03.07,8.37,0.67,2.24,3.45,1.21,0.15,0.64,0.1,64,1,0
181,7,4,9.16,7.13,8.63,04.03,7.74,2.29,8.3,5.12,9.25,5.76,6.78,0.77,50,0,1
182,5,8,9.63,1.92,4.53,5.4,3.68,7.81,7.95,9.17,0.32,06.05,0.12,0.48,24,0,0
183,5,1,3.29,2.29,9.39,2.75,1.62,0.01,7.0,1.34,6.36,8.64,0.1,0.5,62,0,4
184,8,7,3.52,04.02,6.97,5.71,7.38,7.33,4.57,0.45,1.74,0.64,7.5,0.11,83,1,0
185,4,10,8.72,7.33,3.29,2.85,9.95,7.64,7.27,08.09,7.63,9.48,4.9,0.25,51,1,0
186,3,7,3.57,3.67,5.14,6.99,6.52,3.77,4.56,3.15,0.88,1.41,07.09,0.26,7,0,3
187,5,1,5.6,7.56,4.0,3.97,08.03,8.53,0.4,04.07,1.24,1.59,5.99,0.08,62,0,3
188,1,9,4.34,0.73,4.8,9.97,6.57,0.75,3.75,6.96,4.5,2.37,04.06,0.32,64,0,1
189,1,7,2.63,6.23,6.91,0.49,2.46,1.29,4.68,1.4,1.33,8.21,03.01,0.85,33,0,2
190,9,6,1.71,3.21,4.48,4.15,8.75,7.25,2.99,7.81,2.85,02.02,1.26,0.32,64,0,3
191,5,6,07.02,5.62,9.77,4.36,1.4,09.08,6.49,1.31,0.86,4.24,9.75,0.77,83,0,4
192,2,5,9.39,4.46,3.74,0.75,7.89,9.29,0.94,6.85,8.12,8.62,2.9,0.58,71,1,1
193,10,2,2.19,1.18,6.9,9.43,6.55,4.69,7.56,01.09,3.21,7.42,0.25,0.65,7,1,1
194,6,6,3.24,9.55,0.77,8.82,9.11,4.37,7.76,0.96,7.93,2.74,5.51,0.06,68,1,1
195,3,6,4.38,2.53,0.42,9.51,9.45,6.22,8.18,1.16,2.76,3.6,3.61,0.7,63,0,1
196,6,10,4.9,5.32,2.42,2.12,0.82,7.59,5.25,04.02,8.62,4.7,5.77,0.72,24,0,0
197,7,10,04.02,6.85,6.91,2.12,8.12,8.81,7.24,6.85,0.17,0.75,2.48,0.05,62,1,3
198,4,6,0.54,8.3,9.31,7.47,5.64,5.81,9.23,3.49,1.61,2.17,04.01,0.87,82,0,2
199,8,2,5.51,06.01,5.55,3.19,5.86,3.86,02.06,7.67,5.53,7.42,0.85,0.11,30,0,1
200,7,9,4.36,8.45,4.68,2.64,01.03,1.81,9.67,2.39,6.23,6.42,8.13,0.33,92,1,1
201,2,4,1.28,3.46,7.16,08.03,8.64,3.69,2.35,4.43,3.12,1.63,0.27,0.79,87,0,1
202,5,6,05.02,2.88,9.72,8.23,4.29,3.83,9.19,03.06,7.96,6.35,08.07,0.36,34,0,0
203,6,3,6.16,4.66,2.21,2.88,01.02,7.53,9.28,8.21,2.51,5.84,9.27,0.38,15,0,1
204,1,6,03.06,0.32,3.96,07.06,0.05,6.93,1.69,3.94,6.48,1.93,03.05,0.1,26,1,0
205,9,4,06.05,6.21,5.61,6.82,8.81,0.43,8.66,1.99,3.86,1.55,0.95,0.68,33,1,4
206,4,2,7.11,4.14,2.15,6.55,7.21,6.66,3.13,2.81,2.49,9.11,3.53,0.04,91,1,4
207,1,3,2.78,5.93,4.14,1.0,5.39,9.93,4.18,2.79,0.79,8.32,2.7,0.98,7,0,4
208,9,3,5.11,8.17,3.62,2.56,2.89,7.51,1.22,05.03,4.76,6.92,4.45,0.39,53,0,0
209,1,4,8.36,2.36,9.98,4.23,9.27,2.68,5.37,5.41,0.08,2.94,2.48,0.32,30,1,1
210,3,2,1.81,02.08,01.04,0.75,0.44,5.67,4.24,3.85,8.55,0.77,4.84,0.02,93,0,0
211,5,7,6.52,1.49,0.9,3.88,9.3,1.1,6.17,5.37,1.41,2.57,7.11,0.33,91,1,3
212,6,1,5.83,4.11,9.86,4.46,7.65,4.28,2.19,0.79,09.01,7.88,2.99,0.78,85,0,3
213,7,9,5.16,0.43,9.94,5.37,3.36,9.79,4.83,0.43,6.77,6.42,0.12,0.96,81,1,0
214,10,9,07.04,8.9,0.09,3.5,6.87,09.05,8.67,6.57,1.85,2.19,9.52,0.73,23,0,2
215,6,8,6.13,07.01,3.4,3.76,3.99,5.74,8.75,3.99,02.08,2.44,5.24,0.73,60,1,3
216,9,10,8.94,3.1,6.86,8.66,0.88,4.63,8.23,7.5,1.68,8.23,9.25,0.07,21,1,4
217,7,4,7.7,6.93,3.76,02.01,1.12,2.22,0.71,2.24,5.56,6.74,3.97,0.06,58,0,4
218,2,7,1.1,1.51,5.61,8.57,8.16,1.95,5.66,2.27,2.69,7.56,3.69,0.69,15,1,3
219,6,10,0.07,3.39,3.66,1.76,5.84,8.5,7.59,2.46,5.72,2.3,0.32,0.02,88,1,0
220,3,10,1.88,0.49,4.85,5.54,7.48,0.88,3.2,2.84,8.17,7.73,1.9,0.24,11,1,4
221,1,9,4.41,5.74,3.6,8.99,6.42,0.36,7.93,4.37,5.44,9.93,0.78,0.42,17,0,3
222,8,8,1.54,3.48,4.91,8.67,1.88,6.56,8.14,4.54,4.83,3.19,1.42,0.6,40,0,0
223,6,10,2.44,1.85,2.8,5.85,7.28,07.08,04.09,3.98,5.1,1.87,8.67,0.88,69,0,2
224,9,4,5.52,5.28,6.31,9.21,7.12,4.33,2.21,6.29,2.11,7.51,9.15,0.66,100,0,2
225,1,6,4.7,04.06,0.53,4.81,4.78,05.07,4.93,8.33,0.3,2.43,5.64,0.88,18,1,4
226,1,5,4.87,6.36,5.57,02.03,5.88,04.06,1.73,8.48,04.03,1.58,8.41,0.95,77,0,4
227,6,3,6.58,7.62,1.28,7.49,6.47,05.06,2.23,1.3,0.7,5.16,8.48,0.61,97,0,3
228,4,8,0.81,6.0,8.83,5.37,01.05,5.34,8.98,2.19,7.77,4.39,2.32,0.79,49,1,3
229,4,8,0.42,4.29,6.28,3.61,8.37,1.79,5.23,06.01,5.83,3.54,8.13,0.12,65,0,2
230,2,7,2.0,8.35,8.95,6.19,4.68,9.54,08.08,8.6,4.43,0.41,03.01,0.79,42,1,3
231,1,5,06.01,3.0,2.43,3.61,2.36,0.54,6.64,07.07,8.98,4.16,2.92,0.75,54,0,2
232,2,4,5.87,3.13,8.58,9.6,06.03,04.05,2.32,5.76,02.08,9.82,4.22,0.82,23,0,3
233,3,7,7.3,08.03,3.79,3.43,9.51,7.98,3.61,5.45,2.81,1.48,4.7,0.7,2,1,4
234,4,6,8.16,4.61,6.19,0.45,0.59,7.2,3.71,9.4,4.7,7.24,3.13,0.65,74,1,2
235,10,8,1.61,2.42,0.76,2.95,8.63,4.67,3.57,3.85,8.22,6.57,5.6,0.42,92,1,1
236,10,7,7.7,2.85,5.67,3.31,9.15,0.99,1.64,3.47,1.64,4.26,5.88,0.76,93,0,4
237,1,9,2.85,0.16,8.81,9.0,7.79,6.18,4.53,08.03,3.97,5.97,5.59,0.66,93,0,0
238,4,10,2.48,5.63,1.8,0.79,2.85,2.68,5.34,1.94,4.61,2.57,6.4,0.52,72,1,1
239,8,3,0.5,9.6,5.25,2.48,4.62,7.11,1.41,5.91,1.95,5.15,5.96,0.97,95,0,3
240,10,6,6.11,1.75,0.04,2.77,2.3,1.86,1.29,0.42,8.85,6.9,08.06,0.88,79,0,2
241,9,5,2.58,4.93,04.07,2.97,5.84,3.12,0.41,3.79,6.86,06.05,3.99,0.59,67,0,1
242,8,10,1.42,3.22,1.89,5.62,1.63,6.1,8.11,2.36,4.3,4.62,3.72,0.94,23,0,1
243,4,9,2.74,5.78,9.99,0.26,8.98,8.46,4.38,6.61,7.0,6.58,3.43,0.43,1,0,3
244,9,7,3.86,8.51,6.82,6.63,2.56,5.49,8.6,8.86,1.17,2.76,05.09,0.91,72,1,1
245,5,1,9.44,9.56,3.55,6.88,0.3,6.88,9.64,9.64,9.67,6.6,0.97,0.04,87,1,1
246,1,3,9.74,9.25,7.83,7.39,7.15,1.41,2.54,7.21,9.63,4.95,7.96,0.06,16,0,3
247,7,9,9.13,3.75,6.9,4.88,3.29,3.34,7.31,6.6,4.93,6.8,9.48,0.01,51,1,2
248,1,9,3.1,5.83,04.05,7.99,7.64,03.07,9.0,7.92,07.06,1.0,8.41,0.97,32,1,3
249,1,5,0.5,3.25,7.31,4.86,4.17,6.69,8.71,5.98,3.73,2.24,6.7,0.43,49,0,1
250,6,7,5.23,5.95,7.68,8.65,4.54,3.87,9.78,7.69,1.56,5.81,6.36,0.13,62,1,2
251,9,6,1.28,6.35,1.82,2.25,7.84,8.21,9.95,1.98,6.43,2.35,3.12,0.21,35,1,0
252,4,2,01.03,5.5,4.17,6.54,2.89,9.95,2.43,2.2,3.93,01.03,5.95,0.22,95,1,2
253,10,1,4.24,7.6,7.71,0.51,6.35,3.71,9.99,5.0,9.3,0.55,6.96,0.22,56,1,4
254,9,4,8.31,7.91,2.36,0.17,9.57,7.52,2.59,7.52,3.86,06.02,1.65,0.56,50,0,2
255,3,7,06.05,5.34,9.37,5.69,6.27,1.77,1.92,5.97,2.51,1.57,0.46,0.83,53,1,3
256,8,8,2.86,5.66,4.71,3.63,01.06,9.1,7.85,1.94,0.42,0.31,0.39,0.11,26,0,0
257,6,5,0.47,5.1,5.84,4.36,5.18,4.41,4.45,7.84,8.0,3.59,4.62,0.67,66,0,0
258,6,9,9.89,6.81,9.29,5.18,5.58,4.32,3.15,0.89,4.22,1.77,1.75,0.78,85,1,0
259,5,7,1.53,2.77,4.17,6.39,9.74,8.94,1.35,5.65,0.37,03.04,7.55,0.78,67,1,2
260,9,6,0.71,5.51,2.81,6.95,2.87,6.59,0.35,06.01,3.31,6.48,8.4,0.53,59,0,4
261,2,10,04.08,05.03,9.79,8.29,2.75,8.86,6.41,2.42,8.22,8.1,3.98,0.18,54,0,3
262,10,5,7.9,7.37,1.97,7.74,9.18,7.58,6.42,2.9,0.77,9.25,7.84,0.05,61,1,0
263,6,10,8.1,09.09,0.28,0.98,4.6,3.92,1.17,9.95,01.05,0.01,6.25,0.2,95,1,3
264,7,9,8.24,6.59,8.54,7.41,0.77,6.73,7.41,3.42,8.28,7.91,5.72,0.33,16,1,2
265,6,3,8.27,4.19,8.77,7.2,4.31,1.6,2.92,0.92,2.2,1.21,8.32,0.5,34,1,0
266,2,6,4.48,9.15,4.38,5.33,8.72,0.95,8.98,5.96,8.23,0.33,6.13,0.34,36,0,1
267,8,4,6.15,9.43,9.1,0.63,6.37,3.25,6.96,3.56,1.24,8.35,6.25,0.85,15,1,4
268,3,10,2.62,0.43,1.53,1.35,6.39,7.47,0.77,6.72,3.36,02.07,1.11,0.58,94,1,0
269,4,2,9.43,8.26,4.34,3.41,9.54,0.0,4.9,3.95,9.55,5.68,9.51,0.51,89,1,4
270,10,9,0.93,4.2,3.75,7.48,4.75,9.35,09.04,7.58,2.6,5.3,3.88,0.82,32,1,1
271,10,7,8.7,4.65,2.95,0.81,5.59,1.28,0.34,4.72,9.24,9.47,7.45,0.63,25,0,4
272,4,3,06.07,4.72,0.73,3.46,8.14,9.11,0.79,2.56,01.05,2.73,9.79,0.7,23,0,2
273,8,3,1.29,6.11,6.55,4.55,1.95,0.35,0.8,2.25,6.53,04.04,2.71,0.23,58,1,2
274,8,10,4.75,09.04,4.31,09.07,2.18,1.54,4.24,7.45,6.74,4.19,3.19,0.25,58,0,3
275,5,4,6.76,5.42,5.24,03.09,02.01,1.74,8.45,5.15,4.62,05.09,2.15,0.5,33,0,0
276,3,8,2.7,3.49,9.89,2.65,6.19,3.73,4.24,8.77,6.12,4.32,5.24,0.02,22,1,3
277,6,10,2.53,3.81,6.36,03.04,3.29,2.69,5.39,4.44,4.58,6.43,04.01,0.21,17,1,4
278,4,6,2.3,4.85,5.57,5.1,1.6,06.06,1.96,0.81,0.44,1.76,9.13,0.27,69,0,0
279,2,2,9.84,9.73,4.56,7.23,5.31,8.48,9.91,2.46,6.98,06.07,3.85,0.53,68,1,1
280,6,1,5.34,4.55,1.76,2.91,9.97,8.99,3.26,8.17,0.22,08.03,9.99,0.73,56,1,2
281,3,4,1.16,2.67,1.31,4.25,4.87,3.2,5.84,1.64,7.69,1.61,8.6,0.71,93,1,3
282,7,6,0.93,05.05,8.36,5.86,9.11,1.16,4.38,6.18,6.56,6.59,8.15,0.27,90,1,0
283,3,3,9.89,6.27,2.89,8.83,3.96,1.54,1.29,01.02,2.58,7.89,8.43,0.1,94,1,1
284,3,6,6.3,6.14,5.94,4.36,4.99,05.04,7.98,4.55,6.96,8.0,1.84,0.46,45,1,1
285,10,10,0.85,7.6,4.66,0.36,3.8,1.87,8.38,06.05,4.8,2.44,3.43,0.06,82,1,4
286,2,9,4.4,4.33,5.6,5.91,0.82,1.25,4.84,7.41,3.78,01.07,0.74,0.4,66,1,2
287,8,2,2.93,3.38,4.6,9.33,0.81,2.59,1.53,3.76,4.63,9.42,7.67,0.59,13,0,1
288,2,5,3.94,1.26,01.09,9.28,9.49,6.89,1.21,5.56,8.97,3.64,6.12,0.15,94,1,3
289,10,4,8.53,3.42,6.86,3.56,2.67,8.25,8.62,5.9,5.1,8.27,9.16,0.33,54,1,4
290,4,9,0.12,7.66,9.85,4.54,9.9,4.39,3.4,5.44,8.37,5.53,08.04,0.15,73,0,2
291,2,7,6.4,4.27,0.87,7.3,4.91,9.15,1.63,4.37,9.1,7.53,0.21,0.89,88,0,1
292,9,2,2.4,8.21,9.55,1.28,8.6,06.08,5.29,8.88,1.7,01.04,0.59,0.2,94,1,3
293,6,6,0.25,07.08,7.42,0.27,2.12,9.91,7.99,8.97,9.62,2.75,4.9,0.48,19,0,4
294,10,2,6.17,2.38,0.58,5.3,9.88,5.8,2.24,0.12,4.29,1.97,5.51,0.92,67,0,2
295,3,9,5.63,7.81,1.14,06.01,1.96,9.79,7.86,09.09,5.74,9.83,7.8,0.66,59,1,1
296,5,8,07.01,2.19,1.99,2.43,9.63,0.63,2.45,6.49,5.62,1.92,0.51,0.27,89,0,2
297,4,8,1.52,5.3,5.56,1.13,3.11,1.44,6.28,1.6,1.76,1.23,4.62,0.92,68,1,3
298,9,3,0.92,9.38,06.01,0.59,5.91,2.81,0.47,6.26,1.38,9.91,04.05,0.73,32,1,2
299,9,9,4.99,06.01,2.25,2.76,6.28,02.01,5.71,6.54,08.06,4.57,9.32,0.18,14,0,2
300,4,4,2.48,7.22,9.15,4.71,1.95,3.45,02.09,2.4,06.04,1.21,0.8,0.62,68,1,4
301,4,7,6.97,1.39,9.76,6.4,7.6,2.87,6.47,0.71,3.92,7.99,1.39,0.08,29,1,4
302,9,8,8.97,8.38,7.4,0.14,2.35,08.06,4.73,08.05,1.8,1.32,2.14,0.38,15,0,0
303,10,1,8.28,7.27,2.77,6.86,7.67,8.12,4.7,8.29,9.42,0.77,3.85,0.13,51,0,3
304,3,3,5.99,07.08,01.08,2.71,4.93,7.56,1.37,1.77,2.66,6.66,9.89,0.7,1,1,3
305,1,5,5.32,8.89,6.26,5.43,2.46,5.33,4.25,6.86,3.25,2.93,1.72,0.19,39,0,0
306,1,7,9.35,0.16,3.63,07.01,3.26,5.96,7.13,1.1,8.64,09.09,2.94,0.47,74,0,0
307,6,4,0.6,9.75,4.3,8.11,8.92,3.5,09.04,0.52,7.91,8.64,0.39,0.14,31,1,0
308,4,3,8.56,6.76,6.34,5.5,6.21,07.07,4.36,2.54,02.03,6.71,4.74,0.88,89,1,1
309,4,4,8.82,6.69,8.22,9.57,4.25,6.8,9.91,4.17,02.03,6.25,2.74,0.75,57,0,0
310,8,7,5.44,4.44,6.87,5.91,9.93,1.24,5.22,6.39,7.67,2.39,3.11,0.91,20,0,2
311,5,8,3.11,8.44,2.88,8.69,7.72,3.95,3.98,4.25,8.25,6.63,7.28,0.13,95,1,4
312,7,6,7.87,0.15,7.58,3.81,8.64,7.95,08.07,6.55,1.49,2.13,8.23,0.16,21,1,2
313,8,2,05.02,1.85,4.84,5.36,0.11,6.46,4.19,3.86,9.87,0.76,6.67,0.02,85,1,3
314,1,10,4.34,5.83,8.53,1.34,7.52,3.59,8.1,6.58,4.79,3.55,02.05,0.19,21,0,0
315,8,7,8.45,5.33,7.71,4.44,5.36,06.08,1.87,3.23,0.34,4.25,0.01,0.79,84,1,2
316,10,4,7.51,4.93,2.45,0.03,7.83,01.06,6.61,5.5,1.19,9.8,6.38,0.64,1,1,2
317,4,5,09.05,9.73,9.65,7.69,8.66,7.49,8.44,06.07,2.74,1.41,2.41,0.47,27,0,1
318,10,2,3.66,4.12,9.75,05.09,8.57,0.74,3.86,3.46,5.55,9.95,8.21,0.09,11,1,2
319,10,8,5.27,1.2,2.88,8.66,0.11,6.97,6.58,2.16,0.69,9.1,8.55,0.78,85,0,3
320,8,8,9.13,06.05,02.05,1.37,5.36,8.77,8.61,4.84,5.45,8.45,6.54,0.16,35,1,0
321,1,8,1.37,3.27,04.06,6.32,1.16,8.97,5.73,8.41,6.9,9.75,06.02,0.56,73,1,0
322,5,1,04.06,3.11,3.17,3.78,6.64,5.27,02.03,7.46,2.64,1.19,6.3,0.6,55,1,2
323,3,3,9.34,05.02,9.3,4.25,8.5,3.27,5.36,6.49,2.89,8.65,4.5,0.26,36,0,4
324,8,5,1.91,8.56,9.89,4.6,2.59,9.76,8.78,7.95,9.88,4.92,2.59,0.13,82,1,4
325,2,7,2.31,0.47,7.32,4.51,6.88,02.03,8.66,2.25,4.25,6.13,6.79,0.22,59,0,0
326,8,10,5.22,8.2,7.1,1.74,03.02,6.36,03.09,2.8,0.94,6.67,7.13,0.74,39,1,0
327,5,2,0.09,2.98,6.3,8.8,04.03,5.92,9.48,5.19,6.97,2.77,0.27,0.32,53,0,3
328,3,10,08.02,5.84,0.75,8.19,5.25,2.6,7.3,0.88,0.36,05.01,4.33,0.09,88,0,2
329,1,10,5.16,06.09,2.34,2.67,04.08,6.9,1.73,3.64,4.11,8.65,3.88,0.02,95,0,3
330,10,3,7.29,6.61,2.57,08.09,4.63,4.39,07.09,0.26,6.66,5.56,1.64,0.25,100,1,3
331,8,2,07.06,05.02,9.83,1.16,8.85,2.77,0.32,5.49,4.65,6.29,8.13,0.24,99,1,0
332,10,9,0.38,5.94,0.74,9.45,8.93,3.4,5.42,1.91,8.49,8.16,0.75,0.37,17,0,2
333,9,8,2.89,5.51,6.3,6.94,1.78,5.29,8.32,4.38,5.83,6.17,2.78,0.19,31,1,4
334,3,8,05.03,1.89,9.84,0.16,0.48,8.74,1.23,3.94,1.37,8.9,2.29,0.81,90,0,0
335,4,4,1.37,2.62,9.59,2.66,6.7,03.08,7.44,6.38,7.76,5.8,9.57,0.25,3,0,1
336,6,8,3.54,2.48,02.06,8.18,3.96,2.88,7.15,3.22,7.47,5.63,1.91,0.06,28,0,0
337,1,3,1.23,4.71,9.42,8.62,7.23,6.64,4.62,7.81,3.97,2.46,4.7,0.85,98,0,1
338,7,3,9.74,6.15,4.53,1.16,7.85,9.11,9.76,9.85,3.91,3.95,0.48,0.77,47,1,3
339,5,10,8.56,0.38,1.91,4.14,9.34,0.94,5.86,6.24,0.86,01.06,2.12,0.06,93,0,4
340,9,10,8.74,1.19,9.66,09.05,0.6,1.79,7.58,8.29,9.76,3.64,4.19,0.55,42,0,1
341,3,4,4.51,9.31,1.54,1.73,7.46,3.82,4.46,0.07,2.85,4.18,09.04,0.12,79,0,0
342,6,2,8.68,2.36,0.67,6.5,3.94,8.86,1.75,2.76,4.16,3.84,02.04,0.95,67,1,2
343,2,7,4.25,7.41,0.43,6.96,1.72,7.96,3.45,5.37,04.08,4.96,2.56,0.51,75,1,0
344,2,5,2.6,4.37,8.65,8.74,0.18,7.62,9.9,2.75,3.91,5.47,6.48,0.63,25,1,2
345,7,7,5.36,6.8,6.46,6.98,6.84,03.09,3.31,3.11,3.63,9.76,4.63,0.12,57,1,1
346,4,7,4.8,3.14,4.1,7.67,1.98,7.87,3.17,01.01,0.08,5.94,3.68,0.3,44,1,4
347,7,7,0.07,9.98,2.96,6.94,1.18,5.83,5.62,5.26,4.63,09.01,2.48,0.22,84,0,2
348,2,1,4.95,4.25,1.44,06.04,6.84,2.16,2.28,2.65,5.54,1.29,5.66,0.74,51,1,2
349,3,5,6.99,06.04,7.51,5.6,6.99,3.57,0.26,0.43,09.02,3.33,4.65,0.95,89,0,4
350,4,4,9.59,8.62,7.27,4.72,7.2,5.79,8.45,9.4,03.02,2.41,0.71,0.56,73,1,4
351,2,7,9.53,8.95,0.12,3.32,03.08,6.75,2.93,0.51,4.33,5.75,2.53,0.28,8,1,1
352,7,7,7.38,5.39,0.97,8.78,0.67,7.95,0.89,9.52,4.84,3.96,09.05,0.5,10,0,2
353,3,1,0.85,8.98,6.52,0.67,8.49,1.63,04.01,9.81,03.04,9.36,5.44,0.18,76,1,3
354,1,2,0.81,1.65,4.53,1.93,9.51,2.97,9.18,09.05,4.84,0.06,1.8,0.6,72,0,3
355,6,1,0.91,5.64,5.48,4.53,1.22,2.67,9.24,9.67,4.32,6.6,0.54,0.95,81,1,3
356,7,5,06.03,9.44,04.08,8.55,7.68,8.31,3.26,2.87,5.22,6.23,5.98,0.11,81,0,3
357,4,9,0.33,6.94,5.87,05.09,6.83,2.6,9.35,9.95,1.9,5.95,7.37,0.22,12,0,4
358,6,2,3.13,6.76,0.92,8.87,04.03,6.71,8.66,0.2,3.9,4.83,7.59,0.39,10,0,4
359,10,10,8.81,6.64,1.72,7.68,3.46,8.21,0.64,0.42,5.31,3.9,1.14,0.75,74,0,1
360,5,3,9.3,1.2,6.98,8.14,6.63,04.02,9.4,0.55,7.32,8.71,6.12,0.24,9,0,0
361,9,8,6.39,07.01,4.53,3.89,6.46,2.13,3.1,5.6,5.31,04.01,0.86,0.1,36,0,0
362,1,1,9.2,2.25,2.71,6.5,07.08,9.77,5.48,1.52,6.65,03.01,3.73,0.68,67,1,2
363,10,9,1.8,1.72,3.58,0.56,9.51,3.91,7.82,4.1,5.36,8.72,9.59,0.58,91,0,4
364,7,9,9.48,0.45,7.57,0.13,05.07,7.98,7.68,8.6,07.02,1.76,0.21,0.99,7,1,3
365,2,2,2.41,0.18,5.82,2.31,1.67,5.61,9.6,3.67,4.86,4.64,1.93,0.21,43,0,0
366,4,10,6.75,3.22,09.02,09.05,1.33,0.21,8.79,8.8,6.24,8.58,8.21,0.49,19,1,3
367,9,3,9.4,4.69,01.07,8.53,4.54,1.52,4.3,9.1,6.13,0.85,2.7,0.23,70,1,4
368,6,8,0.48,0.05,1.18,1.69,2.37,1.69,7.97,5.11,5.19,2.16,8.99,0.04,62,0,2
369,1,1,0.62,6.46,6.78,07.06,6.36,9.24,5.23,4.18,9.74,0.69,7.76,0.98,32,0,0
370,10,4,0.18,6.0,3.21,2.37,2.15,2.31,6.89,0.64,4.83,4.91,7.92,0.57,43,1,1
371,3,1,8.48,6.57,5.12,3.24,9.0,5.46,5.87,7.13,5.47,9.1,7.74,0.84,88,0,2
372,6,4,9.18,09.05,0.98,0.2,5.6,3.95,5.72,01.02,1.95,6.13,2.43,0.96,99,1,2
373,2,9,0.55,5.84,2.68,5.6,2.53,5.72,3.34,7.43,7.52,7.73,0.47,0.58,68,1,0
374,5,10,0.09,6.21,6.42,8.92,7.73,9.3,2.3,4.8,8.94,08.08,2.28,0.28,100,1,3
375,7,6,6.57,5.16,1.57,4.85,4.64,8.35,01.04,4.78,2.8,5.94,5.68,0.72,55,1,1
376,7,6,5.63,9.41,1.53,7.82,1.45,4.71,7.88,7.51,9.92,2.59,6.63,0.31,87,0,3
377,7,3,7.0,1.24,02.05,6.92,8.95,3.51,5.62,9.73,7.65,1.56,1.95,0.87,93,1,1
378,9,5,2.71,2.52,2.67,4.71,2.93,4.4,5.55,9.84,4.49,0.98,3.13,0.53,68,1,1
379,8,3,1.1,6.79,6.62,0.82,8.0,8.86,0.03,07.05,8.19,1.88,5.24,0.31,98,1,3
380,5,7,7.35,3.95,6.0,9.71,3.21,7.62,4.58,6.3,7.25,9.86,9.56,0.01,44,0,4
381,8,7,5.26,1.36,8.45,5.38,9.61,4.91,2.17,7.29,8.42,7.2,1.9,0.62,41,1,2
382,10,3,1.36,1.8,1.46,4.16,1.99,7.63,6.3,5.5,8.95,7.0,2.55,0.62,78,0,4
383,6,1,2.64,6.2,6.62,1.36,8.82,6.17,3.25,6.78,9.54,0.91,3.51,0.06,7,1,1
384,4,5,5.52,08.04,8.15,4.35,5.16,6.1,4.96,2.2,07.09,8.32,6.64,0.96,46,1,3
385,8,7,3.47,5.49,9.5,4.67,2.38,7.8,1.28,6.22,3.29,5.52,9.5,0.32,19,0,2
386,8,1,4.5,2.17,5.25,7.15,6.24,2.63,9.19,5.48,6.4,6.16,5.54,0.14,50,1,3
387,10,3,1.72,5.73,2.22,6.27,5.34,0.03,07.07,05.08,1.6,01.04,2.76,0.94,11,1,4
388,4,3,7.96,3.17,0.28,6.15,5.8,4.57,6.92,8.4,05.04,8.36,7.79,0.78,93,1,1
389,7,5,0.85,6.49,05.01,3.14,8.61,8.2,6.73,2.91,8.8,5.46,0.65,0.94,22,1,4
390,4,1,3.0,2.37,2.18,9.65,0.27,05.08,8.68,8.82,4.62,8.18,04.06,0.0,93,0,2
391,10,7,6.93,1.12,1.89,8.95,0.26,5.54,7.6,3.43,06.04,1.93,09.08,0.02,6,0,2
392,2,10,8.2,9.88,7.53,4.4,4.95,5.51,6.94,9.16,5.12,0.89,5.6,0.75,54,1,1
393,10,8,8.12,6.73,8.34,1.6,08.02,2.75,5.1,0.08,6.14,9.22,4.75,0.9,25,1,1
394,4,3,03.07,1.99,3.61,5.8,1.0,5.76,0.01,6.98,3.86,5.38,1.83,0.61,79,0,4
395,9,6,0.43,0.43,5.66,7.38,5.21,8.42,4.44,1.7,7.56,2.19,3.18,0.37,72,1,1
396,10,10,5.77,9.13,9.41,4.58,6.28,8.46,3.32,4.8,09.03,4.44,4.94,0.72,68,1,2
397,7,4,1.51,07.02,0.99,5.35,0.61,7.57,5.36,5.83,3.13,05.06,4.52,0.21,49,0,0
398,7,7,6.82,3.34,8.83,7.36,4.27,09.01,1.13,8.16,6.26,4.88,8.71,0.24,10,0,2
399,9,1,4.96,0.37,0.13,1.44,5.5,5.1,7.83,5.83,7.33,9.67,8.42,0.75,81,1,3
400,4,8,7.42,5.67,3.39,8.2,3.17,9.49,7.75,3.56,09.08,4.1,03.07,0.63,85,0,0
401,1,6,5.11,10.0,7.94,6.47,6.66,3.22,1.43,9.95,3.67,2.64,6.84,0.38,84,0,3
402,2,7,0.67,8.96,8.16,6.29,3.32,0.76,1.33,08.01,6.24,2.0,6.83,0.42,81,1,1
403,3,8,8.7,07.09,1.71,1.97,6.43,1.77,2.48,8.64,2.54,3.66,6.8,0.34,99,1,3
404,1,10,8.64,03.03,0.76,2.77,6.43,04.07,5.24,4.43,9.17,3.69,5.7,0.35,57,1,0
405,10,1,3.33,6.22,06.01,8.75,3.98,1.15,0.86,4.32,2.48,7.52,7.84,0.43,22,1,1
406,8,8,2.9,7.58,8.75,6.85,5.82,3.94,3.59,9.86,6.95,5.96,5.12,0.72,79,0,0
407,9,9,2.74,09.01,01.02,5.75,8.4,0.97,0.51,7.2,3.45,0.1,04.05,0.09,52,0,0
408,1,5,5.34,9.41,0.87,6.34,4.2,9.25,7.28,2.13,8.92,0.92,6.2,0.41,59,1,4
409,3,10,0.29,1.49,1.15,4.97,5.85,8.61,7.6,0.97,4.74,8.48,9.82,0.57,26,0,2
410,2,7,1.17,1.47,7.7,3.49,0.68,9.21,05.06,2.66,9.97,7.91,5.4,0.57,84,0,1
411,10,6,4.44,2.57,4.74,5.22,2.43,1.27,3.29,5.71,0.8,2.87,02.02,0.43,5,1,4
412,7,4,3.56,4.96,0.42,2.12,8.69,4.5,0.93,1.8,0.81,9.32,06.05,0.34,53,1,0
413,6,10,2.16,09.04,4.88,6.75,3.33,09.07,6.31,05.03,7.11,0.07,9.59,0.24,23,0,3
414,2,1,04.01,5.92,8.51,5.78,5.94,09.09,5.28,03.06,7.56,4.87,09.09,0.23,70,0,1
415,4,7,4.6,5.85,4.9,7.65,7.11,9.75,2.52,3.92,6.28,2.69,1.26,0.06,78,1,1
416,6,9,2.27,8.95,6.65,0.67,2.88,7.87,6.96,1.63,1.68,05.08,8.24,0.92,19,1,3
417,8,6,1.31,6.22,4.78,9.58,6.31,04.05,5.88,3.88,6.82,5.3,06.01,0.12,56,1,2
418,6,6,3.6,6.95,7.32,0.04,0.03,7.52,0.55,8.1,3.91,5.43,5.25,0.12,17,0,4
419,7,10,9.83,4.78,8.84,3.44,3.89,0.04,03.06,3.94,06.04,2.85,1.64,0.22,40,0,1
420,7,3,1.63,2.53,2.92,07.01,5.72,3.2,2.4,4.54,4.2,9.42,3.27,0.73,75,0,1
421,5,7,5.55,7.28,1.16,4.94,4.3,6.49,6.53,5.78,1.57,1.99,5.94,0.72,98,1,3
422,5,8,5.59,6.0,2.16,2.53,9.34,8.69,1.26,7.33,4.67,8.95,3.94,0.11,83,0,1
423,3,6,5.58,3.78,1.22,4.46,5.74,4.35,7.81,7.14,4.73,05.08,3.65,0.77,40,0,0
424,8,7,4.53,6.73,2.13,6.22,3.77,4.26,7.49,8.47,9.16,2.18,7.1,0.98,97,0,1
425,2,5,05.04,3.55,9.48,2.94,4.49,3.94,3.24,02.01,1.1,9.48,2.91,0.27,38,0,1
426,3,10,4.15,0.26,5.1,7.92,3.54,2.35,2.92,9.74,4.17,9.98,4.35,0.73,70,0,3
427,9,9,7.78,0.64,9.93,8.38,5.5,7.1,2.44,6.75,02.04,7.64,2.2,0.06,75,0,3
428,1,2,9.0,3.12,6.12,5.89,7.94,7.28,2.54,2.11,5.44,1.84,6.72,0.77,35,0,3
429,4,5,9.41,9.26,1.35,0.18,06.05,9.18,0.34,6.95,4.96,9.86,07.07,0.22,44,1,4
430,6,4,4.8,2.25,09.06,1.69,5.69,07.09,3.96,9.72,6.52,3.11,5.48,0.93,8,1,3
431,2,10,6.1,5.44,01.04,2.75,3.12,6.13,5.19,8.32,4.11,7.95,9.2,0.76,85,1,0
432,10,4,04.04,3.65,5.48,8.28,0.55,1.7,8.92,2.64,4.57,0.74,0.37,0.65,33,0,4
433,2,8,7.95,0.75,6.93,9.58,1.21,8.89,1.45,3.38,2.7,1.44,2.14,1.0,4,1,0
434,3,2,7.31,1.78,0.1,0.99,4.13,0.95,1.49,8.3,3.2,4.84,1.35,0.83,50,0,2
435,2,2,9.0,2.67,8.46,5.71,8.71,2.52,3.55,3.41,3.2,7.98,5.95,0.73,70,1,1
436,5,9,8.46,5.63,09.06,5.81,5.0,4.0,2.83,6.18,06.04,8.32,09.08,0.58,88,0,4
437,5,10,3.78,6.52,3.59,04.05,0.79,0.61,3.83,1.1,9.83,0.21,4.49,0.21,56,1,1
438,9,6,7.71,8.7,0.7,8.2,4.92,0.13,0.45,6.85,4.41,7.27,01.07,0.87,77,0,0
439,9,2,0.3,4.81,2.66,6.48,8.53,2.79,1.37,1.33,6.78,5.57,5.72,0.69,78,1,3
440,5,10,09.01,7.86,3.31,04.03,5.3,6.15,8.51,0.36,9.26,6.54,3.58,0.29,9,1,3
441,7,2,3.35,9.93,6.26,05.02,02.06,0.77,0.1,2.13,4.56,0.26,6.82,0.87,84,0,3
442,7,2,2.53,3.47,1.99,0.89,08.08,06.03,8.31,9.82,3.84,8.28,3.98,0.76,100,0,4
443,5,4,06.08,0.27,02.04,2.84,7.17,4.91,3.99,0.44,03.01,5.47,0.54,0.72,6,1,2
444,3,9,5.45,7.34,4.19,7.13,8.0,4.32,6.56,0.86,7.95,2.98,2.41,0.21,40,0,2
445,7,3,04.03,7.18,9.41,08.05,7.72,1.16,1.86,5.71,0.71,04.05,3.22,0.19,96,1,4
446,6,5,3.0,2.52,6.88,3.72,1.94,1.0,7.39,7.21,4.69,5.86,0.35,0.08,15,0,3
447,4,5,4.7,2.44,04.06,06.09,07.04,4.66,02.03,3.56,5.13,2.22,0.39,0.55,6,0,3
448,4,1,3.69,6.51,6.52,8.77,7.29,7.58,5.95,0.8,0.54,4.64,0.45,0.49,76,1,3
449,3,7,0.21,7.11,3.76,0.55,2.95,2.98,5.35,1.36,5.14,6.64,3.98,0.6,62,0,2
450,6,3,0.08,1.15,1.47,04.03,5.27,1.73,5.11,8.34,4.63,07.08,01.04,0.92,84,0,4
451,10,4,0.78,6.8,0.63,9.34,07.05,7.35,9.41,3.52,10.0,9.28,7.92,0.84,86,0,0
452,4,9,8.27,5.16,6.1,03.03,2.75,2.92,0.05,2.56,5.73,0.89,06.07,0.86,55,0,1
453,1,5,1.94,0.83,0.33,6.11,5.86,7.93,1.24,3.96,5.95,5.82,3.62,0.92,33,0,4
454,5,4,0.31,0.77,6.35,4.97,9.0,1.55,07.09,5.89,06.07,4.98,3.72,0.64,53,0,4
455,9,3,9.62,7.79,4.77,5.24,8.61,8.81,8.96,1.1,3.35,7.19,8.88,0.99,69,1,0
456,7,2,6.37,0.86,2.23,8.48,04.09,4.99,1.77,3.66,2.84,2.77,1.87,0.09,72,0,4
457,6,1,4.19,4.64,0.66,8.41,6.68,9.78,6.34,8.62,2.69,5.24,2.35,0.94,47,0,2
458,3,7,6.73,0.15,1.39,1.99,8.96,07.05,1.41,7.76,6.61,07.04,7.33,0.42,25,0,4
459,4,3,7.48,6.9,3.0,08.09,3.63,8.26,4.71,2.21,2.15,7.42,8.94,0.6,15,1,4
460,2,2,0.96,3.66,7.85,3.74,2.42,3.36,5.67,1.57,0.02,4.81,2.32,0.43,31,1,0
461,3,3,8.48,6.5,1.78,7.43,9.87,9.11,4.44,3.29,3.94,3.34,5.24,0.9,20,0,4
462,4,5,0.06,6.14,0.02,8.62,0.4,7.91,7.13,2.56,9.54,6.7,5.33,0.77,72,0,4
463,5,10,8.26,0.1,0.34,7.93,0.36,9.52,2.8,7.42,3.97,3.99,3.49,0.34,80,1,4
464,8,3,9.7,6.23,9.38,9.14,7.91,5.65,5.27,9.35,8.51,5.67,9.33,0.12,63,1,0
465,8,9,0.66,6.46,1.91,6.53,01.05,5.79,2.86,8.23,7.7,7.29,1.31,0.34,92,0,3
466,7,9,0.23,03.01,6.24,5.16,09.04,3.63,0.79,8.36,1.75,5.32,7.84,0.09,72,1,1
467,6,10,0.61,6.55,8.99,3.42,3.84,7.54,4.35,7.28,2.23,2.86,0.53,0.68,33,1,0
468,10,4,2.84,0.75,7.23,7.38,5.46,4.95,2.18,7.32,4.47,7.97,5.89,0.48,57,0,0
469,1,6,5.72,03.07,2.51,8.32,4.55,3.78,3.1,4.98,5.72,5.21,1.21,0.96,37,1,2
470,4,5,3.43,6.48,03.09,8.11,4.57,5.57,0.32,7.9,3.34,6.9,2.16,0.9,59,1,2
471,6,6,7.0,6.4,7.47,7.67,6.6,5.6,9.55,4.0,1.92,9.3,0.07,0.32,30,0,0
472,8,4,6.2,4.82,0.93,4.94,7.16,1.43,3.83,7.81,8.22,5.59,3.78,0.66,48,0,4
473,10,8,6.62,6.12,7.53,7.29,1.98,8.58,6.61,3.51,3.73,05.02,9.89,0.96,62,0,3
474,9,1,3.85,9.21,3.48,4.41,1.9,6.97,8.63,0.08,1.91,2.84,6.14,0.62,87,1,1
475,5,8,5.71,6.84,7.65,3.74,5.2,9.19,4.6,4.16,8.44,1.27,8.17,0.01,23,0,4
476,2,2,1.21,6.56,2.75,3.5,2.82,9.94,1.12,4.72,6.95,0.33,2.98,0.19,19,0,0
477,8,2,5.3,4.88,9.57,8.55,6.75,3.49,8.72,0.43,8.93,7.69,6.1,0.69,94,0,1
478,9,10,07.04,2.43,7.33,3.45,5.72,2.27,1.39,7.11,0.74,2.16,09.02,0.5,58,0,3
479,6,3,4.64,3.88,6.18,1.92,08.04,4.83,8.72,1.36,3.21,01.04,5.31,0.79,91,1,3
480,10,9,8.44,3.68,04.09,9.0,8.3,6.78,01.06,7.75,3.92,5.57,4.81,0.94,41,1,3
481,9,6,5.26,3.39,9.45,6.61,7.34,3.67,9.9,2.55,1.53,5.4,8.58,0.86,82,1,0
482,5,3,6.71,7.81,4.3,5.87,2.99,2.54,2.74,0.02,8.84,3.76,0.11,0.55,43,0,1
483,4,10,9.47,0.72,3.55,9.16,6.43,8.4,9.37,8.33,0.38,6.37,6.77,0.41,7,0,2
484,5,9,5.38,9.11,3.68,7.22,05.07,1.31,06.06,1.33,8.71,9.33,0.2,0.5,61,0,1
485,9,6,8.81,3.26,5.88,05.08,6.0,7.22,3.55,7.82,5.92,4.57,2.42,0.41,70,0,2
486,6,4,4.17,1.71,1.18,7.76,0.41,0.44,7.36,3.12,7.68,3.51,5.31,0.76,86,1,3
487,10,9,8.17,2.91,1.34,1.39,4.8,0.78,8.36,3.21,6.93,0.59,4.86,0.23,18,1,0
488,2,5,3.76,6.15,1.57,4.86,5.63,0.01,0.57,0.46,3.97,7.28,1.18,0.8,49,1,4
489,4,2,2.57,9.47,04.09,0.44,5.3,3.36,7.32,9.19,8.62,5.88,8.9,0.46,65,0,4
490,6,2,1.35,09.07,4.61,8.79,3.85,2.26,1.6,6.55,8.54,6.9,2.87,0.74,56,0,1
491,4,1,5.18,4.88,1.81,1.56,02.03,05.07,0.59,5.81,5.49,2.13,9.38,0.53,37,0,2
492,10,5,1.81,5.94,3.63,5.79,3.71,6.47,5.89,0.75,0.59,5.96,1.89,0.49,60,1,4
493,9,2,06.06,6.25,0.06,5.49,7.77,7.59,07.07,2.63,9.6,8.59,4.46,0.63,92,0,1
494,1,5,06.04,4.93,6.64,1.25,2.4,1.46,0.26,1.84,1.27,3.97,8.0,0.47,56,0,3
495,1,8,3.3,0.35,1.31,5.45,01.06,3.79,4.29,04.05,2.65,8.18,6.14,0.56,84,1,0
496,1,9,5.99,5.66,3.95,6.58,4.27,01.05,4.9,7.77,0.32,8.83,6.47,0.64,41,1,1
497,3,4,9.45,1.41,4.44,3.36,7.49,7.78,3.92,5.47,0.56,2.88,0.48,0.74,83,1,4
498,10,10,7.61,2.38,6.7,6.94,09.05,3.24,2.92,2.22,9.66,04.09,7.51,0.55,87,0,4
499,4,7,8.31,6.99,4.36,7.31,4.0,4.71,4.1,0.97,5.55,0.67,1.74,0.22,87,0,3
500,2,4,5.27,8.67,5.86,8.58,9.68,03.04,6.31,6.81,8.43,8.94,8.17,0.15,47,1,2
501,6,3,9.16,7.38,5.46,9.59,0.02,6.98,8.82,08.07,9.16,7.8,3.17,0.45,30,0,1
502,9,1,6.53,9.75,2.28,0.95,5.46,09.05,4.95,5.33,2.57,5.74,1.57,0.4,99,0,3
503,10,1,8.5,6.71,3.45,5.78,3.93,7.89,9.63,1.55,5.94,3.47,2.47,0.59,99,1,2
504,1,4,6.71,6.77,1.33,1.51,3.84,7.46,1.89,6.56,1.78,8.98,5.2,0.85,5,0,1
505,10,7,6.84,8.85,4.16,6.84,7.6,7.6,9.81,6.0,2.83,3.41,1.96,0.19,69,0,2
506,10,1,3.22,8.79,8.7,1.6,6.2,3.94,7.14,6.93,5.72,2.57,3.46,0.04,7,1,2
507,7,5,2.26,1.46,6.78,1.11,0.55,8.71,9.46,1.13,3.3,0.17,1.63,0.07,50,0,2
508,7,3,7.28,5.58,9.2,3.17,6.81,2.25,1.11,04.07,8.49,1.76,7.15,0.18,85,1,0
509,1,9,7.35,4.43,6.56,5.88,5.34,9.11,9.74,2.75,8.88,3.35,8.84,0.28,92,0,3
510,8,6,4.81,8.37,9.62,0.49,5.91,8.28,5.53,4.5,1.13,3.14,8.97,0.82,54,1,0
511,10,1,6.72,0.76,03.08,03.08,8.25,9.11,2.41,4.86,9.99,2.98,8.82,0.49,34,1,4
512,9,6,5.95,3.75,3.33,2.16,9.32,05.04,7.82,8.0,7.96,4.34,4.78,0.87,24,1,1
513,1,3,8.9,6.68,8.8,9.14,8.55,9.55,0.81,07.09,9.37,03.02,7.8,0.96,59,1,1
514,8,9,4.92,4.9,5.58,0.84,5.17,0.73,1.49,4.2,7.22,5.92,0.06,0.64,43,0,2
515,9,2,0.5,3.86,2.67,8.11,4.89,5.96,9.36,03.03,4.49,0.97,0.53,0.1,42,1,4
516,4,3,6.74,9.64,0.23,7.74,8.29,9.48,8.81,2.84,0.58,3.99,8.76,0.34,84,0,3
517,1,4,02.01,6.11,06.03,6.35,1.58,0.27,3.8,4.99,3.89,6.47,2.58,0.65,89,0,3
518,2,1,1.59,0.54,5.36,0.92,4.78,0.43,9.75,09.02,1.28,2.33,2.83,0.29,19,0,0
519,2,6,4.47,4.84,0.24,8.24,3.59,6.73,6.77,1.83,1.98,5.11,0.27,0.93,5,1,4
520,2,10,2.64,6.82,5.76,2.92,9.76,1.38,6.45,1.48,5.44,1.44,4.67,0.66,31,0,2
521,3,3,3.92,6.91,2.71,7.13,5.84,5.81,5.63,3.49,1.74,8.3,6.42,0.17,31,0,2
522,7,4,6.35,2.89,4.24,9.38,6.87,05.04,4.54,7.64,3.22,3.23,1.15,0.79,95,1,3
523,3,8,06.02,7.21,9.98,3.92,8.64,6.98,8.75,6.47,0.69,03.06,8.78,0.43,32,1,0
524,10,10,5.82,8.28,2.5,5.28,7.19,04.09,2.79,09.06,0.44,0.03,4.21,0.58,93,0,2
525,2,10,8.45,2.99,6.23,9.17,7.77,9.77,6.14,1.37,6.22,2.38,5.13,0.86,67,0,1
526,10,9,8.11,8.58,6.18,7.44,2.91,1.78,0.66,9.17,7.32,6.3,9.92,0.38,4,0,4
527,7,8,8.85,1.21,0.75,9.41,0.58,6.7,0.41,03.03,1.41,6.31,7.24,0.01,84,1,2
528,5,5,8.51,1.38,08.09,4.67,0.84,1.41,0.6,8.63,0.89,5.86,9.18,0.58,29,1,0
529,9,6,02.04,7.4,8.24,06.05,04.06,6.89,4.33,08.05,9.57,2.12,6.65,0.7,51,0,1
530,6,9,9.46,06.08,3.38,6.95,0.44,0.86,3.79,8.59,4.37,1.78,4.29,0.44,59,0,1
531,1,9,5.95,5.63,1.76,3.37,1.92,8.71,04.05,0.64,1.53,1.47,05.02,0.75,53,0,0
532,5,3,6.5,5.75,7.91,9.27,1.96,9.64,7.93,2.31,5.86,4.57,4.0,0.3,31,0,0
533,1,1,4.79,2.31,7.75,7.56,8.76,5.32,1.91,8.23,4.87,5.73,1.68,0.89,53,1,3
534,8,10,3.81,5.4,5.76,8.59,0.59,1.45,2.16,1.53,5.34,2.45,5.51,0.7,25,1,1
535,6,1,0.28,0.13,6.79,4.22,09.04,4.58,2.92,6.42,6.16,1.31,5.87,0.38,13,1,1
536,6,4,1.35,6.84,4.29,6.1,7.69,3.4,7.15,1.59,9.42,03.05,2.5,0.35,14,0,0
537,9,10,2.41,3.6,9.55,9.31,5.56,5.47,7.45,03.06,2.4,02.06,0.49,0.28,68,1,0
538,9,1,2.63,5.16,9.71,5.3,2.6,01.07,4.14,5.44,4.79,03.02,2.17,0.06,68,0,1
539,8,7,8.17,7.9,5.93,3.61,7.85,4.77,07.04,4.25,06.07,3.98,6.45,0.2,45,0,1
540,2,7,09.03,7.74,1.7,2.54,2.16,9.76,8.18,5.62,1.21,0.97,0.56,0.1,97,1,2
541,4,4,2.68,2.14,0.9,1.85,1.69,7.61,01.01,3.54,2.49,1.54,9.12,0.52,11,0,3
542,8,4,2.66,1.93,2.63,5.75,9.67,0.11,6.4,04.09,9.48,3.46,02.08,0.53,99,0,0
543,8,5,4.94,9.44,1.61,2.68,1.34,6.58,4.87,0.23,5.56,5.13,5.33,0.22,6,1,2
544,9,6,3.45,6.84,0.39,8.47,2.56,7.51,5.74,02.07,4.19,0.13,3.5,0.35,96,0,3
545,5,4,1.66,2.13,1.69,2.49,1.34,2.93,7.58,02.07,5.59,6.28,6.28,0.19,90,1,0
546,2,5,01.03,6.88,9.75,4.74,9.92,8.73,06.09,6.86,4.56,1.62,9.45,0.75,49,0,1
547,6,1,2.12,3.56,2.53,2.9,6.18,5.64,9.24,8.22,0.45,4.57,05.05,0.73,12,1,2
548,1,4,8.29,5.18,7.74,6.83,5.92,4.38,5.65,0.31,6.94,6.17,5.15,0.09,30,0,4
549,8,9,9.63,1.24,5.15,4.65,6.56,1.16,0.12,1.93,4.65,0.39,2.44,0.18,60,1,1
550,4,4,5.71,9.0,3.26,5.98,0.83,5.11,3.0,6.54,6.44,0.4,8.19,0.11,63,1,0
551,1,4,2.85,2.19,8.15,05.02,09.04,6.84,7.73,7.67,8.87,2.81,3.34,0.65,61,0,2
552,3,7,5.81,4.52,9.95,05.04,2.67,3.9,8.45,4.83,8.92,4.29,2.92,0.93,98,0,4
553,3,7,6.49,3.64,9.62,6.92,1.79,9.35,7.86,7.21,7.28,0.56,02.04,0.29,74,1,0
554,3,2,2.16,6.48,0.73,9.34,9.82,1.84,2.75,6.9,2.78,7.54,4.11,0.49,40,0,3
555,7,5,6.45,6.39,2.62,7.31,5.7,6.97,0.12,6.87,2.26,2.69,5.4,0.77,44,1,3
556,1,9,1.8,7.55,7.34,2.23,8.15,1.46,3.8,3.82,2.41,3.17,8.17,0.76,87,0,3
557,3,1,9.23,5.21,5.27,06.03,3.31,0.57,3.38,4.88,4.45,7.17,8.21,0.31,46,1,3
558,8,7,8.0,2.87,3.3,7.89,6.63,0.89,2.66,8.84,8.52,7.42,08.03,0.89,25,0,3
559,3,7,8.66,4.85,3.17,6.42,9.29,4.49,6.16,4.96,6.39,9.36,7.66,0.93,63,0,1
560,8,8,4.85,4.32,8.98,4.91,5.68,5.71,6.23,4.27,2.13,0.76,8.22,0.31,55,1,0
561,1,3,3.36,1.61,5.84,3.39,1.37,0.64,9.29,8.92,4.97,1.33,8.48,0.98,24,0,4
562,8,3,3.35,01.02,8.15,3.46,8.31,2.55,4.97,3.88,7.39,9.21,3.69,0.74,16,0,3
563,5,7,1.35,03.03,5.32,1.73,5.84,6.91,1.15,1.19,3.67,2.45,0.41,0.26,36,1,2
564,3,1,1.81,9.54,1.79,3.25,8.73,5.37,7.35,7.0,0.71,4.33,6.41,0.39,51,0,3
565,4,10,6.55,4.0,1.46,8.55,9.91,08.04,1.3,9.6,3.44,1.81,4.49,0.14,68,0,4
566,7,7,9.15,5.99,9.85,7.73,3.59,9.5,4.72,0.76,0.51,7.54,7.64,0.03,28,0,4
567,5,6,6.46,0.4,7.86,2.92,4.84,06.05,02.09,2.67,06.02,3.41,2.57,0.48,60,1,3
568,6,9,4.47,8.42,05.01,9.4,9.88,8.44,6.73,4.23,6.98,3.97,1.74,0.83,82,0,0
569,5,7,2.35,8.87,1.34,7.53,8.87,2.37,5.14,7.47,7.76,0.53,4.78,1.0,24,0,3
570,8,2,3.19,01.07,5.61,6.59,0.35,8.31,3.24,1.67,2.4,1.14,07.02,0.1,68,0,3
571,10,1,6.56,8.28,3.75,3.66,6.46,2.27,7.95,07.05,0.73,6.89,6.65,0.08,66,1,0
572,5,7,8.54,7.91,0.62,1.2,0.16,7.86,4.58,05.09,8.8,6.61,6.76,0.11,72,1,3
573,8,8,9.85,7.19,8.83,01.08,1.38,8.26,0.78,9.96,8.94,9.27,3.48,0.8,99,0,3
574,8,3,08.04,7.8,8.89,5.36,7.0,6.44,3.14,5.48,7.2,4.39,02.08,0.72,15,0,3
575,6,1,5.69,1.34,4.11,8.63,1.37,3.54,4.81,1.87,7.67,5.69,5.63,0.72,12,0,2
576,9,7,7.33,6.69,9.7,4.85,5.76,7.8,9.91,1.44,9.94,1.74,02.04,0.64,24,1,4
577,4,3,7.55,9.56,6.4,1.91,6.11,3.71,0.99,0.66,4.42,9.67,02.06,0.27,18,1,4
578,5,8,4.62,6.61,1.3,6.4,5.12,4.21,0.53,5.61,1.99,7.37,8.37,0.22,2,1,0
579,9,6,3.8,2.93,5.13,5.68,6.4,4.75,0.22,4.95,6.35,8.38,2.71,0.83,97,0,4
580,8,7,6.88,5.97,2.95,9.12,4.9,3.84,6.67,9.86,9.34,9.61,0.39,0.02,20,1,1
581,3,2,7.33,1.94,1.7,4.19,2.76,2.29,1.54,2.32,1.58,7.55,06.08,0.46,6,0,2
582,2,5,6.58,7.44,7.29,9.69,4.3,9.6,1.63,2.97,8.79,0.24,06.02,0.74,40,0,2
583,2,9,2.13,3.93,8.28,0.6,0.02,7.0,4.34,3.93,0.12,1.8,0.52,0.58,72,1,2
584,1,9,9.21,2.75,9.54,1.66,4.64,9.19,0.48,8.5,1.15,6.23,8.9,0.41,6,0,1
585,9,5,4.25,6.44,6.92,8.85,6.89,5.7,02.09,9.55,6.67,1.42,4.91,0.97,22,1,3
586,10,1,7.66,8.72,7.63,07.06,2.5,6.96,9.16,7.27,5.79,3.81,6.83,0.8,95,1,1
587,4,9,4.96,2.78,5.58,06.05,5.86,9.0,9.13,0.47,2.86,6.63,0.28,0.48,4,0,3
588,6,3,4.24,0.93,8.61,3.78,4.1,9.29,8.13,3.15,0.92,4.39,2.65,0.59,53,0,4
589,3,1,6.81,4.2,0.16,7.71,8.43,4.18,4.39,7.59,0.89,6.47,5.64,0.54,44,1,1
590,2,1,0.33,2.32,9.75,0.86,0.25,3.62,5.48,03.09,5.44,6.28,8.75,0.78,46,1,1
591,5,2,9.66,2.29,5.16,05.06,6.84,3.91,8.91,07.07,1.15,8.41,0.57,0.93,5,0,2
592,9,10,6.74,8.22,8.9,8.55,05.06,1.56,9.44,2.25,4.69,8.81,4.61,0.96,53,1,0
593,4,9,07.06,0.16,1.72,3.76,3.65,0.79,9.57,2.17,2.13,2.37,9.42,0.81,73,0,3
594,1,6,4.31,3.92,7.46,7.44,7.47,03.03,7.44,5.16,3.63,0.73,2.99,0.71,33,1,4
595,1,3,4.83,9.64,0.73,3.82,5.12,9.42,8.71,3.24,02.07,7.55,1.34,0.96,83,1,3
596,8,2,3.89,1.72,04.07,6.1,7.42,9.16,7.98,4.39,8.18,06.02,0.98,0.37,89,0,1
597,2,4,8.56,9.48,7.13,7.49,6.53,9.49,7.38,3.35,1.7,7.67,0.46,0.99,68,0,0
598,8,3,0.18,0.3,07.04,2.42,9.81,9.75,8.84,07.09,2.64,2.87,8.32,0.43,93,0,4
599,10,4,09.03,5.39,5.66,0.95,8.8,9.86,2.52,3.4,8.12,6.77,1.6,0.79,43,0,2
600,2,9,6.61,2.38,8.43,0.98,09.04,8.81,2.38,0.83,07.08,7.81,4.42,0.5,59,1,4
601,5,4,1.1,6.38,7.99,9.0,02.06,7.99,4.91,8.6,1.45,8.44,0.91,0.24,63,1,4
602,8,3,6.0,9.81,3.64,6.97,7.34,9.44,4.22,2.88,1.95,6.11,0.96,0.84,90,0,1
603,3,10,4.78,7.41,5.71,2.12,3.4,9.96,2.97,8.97,8.33,7.87,6.39,0.66,62,0,3
604,4,5,2.55,6.13,5.52,9.82,5.62,1.24,1.18,1.1,1.58,4.25,4.46,0.9,30,1,4
605,9,6,4.59,0.68,9.62,1.21,01.06,1.34,2.71,1.3,0.79,4.84,3.46,0.6,61,0,0
606,7,5,1.82,8.87,8.76,3.37,1.49,7.63,07.07,1.73,3.7,1.25,2.29,0.34,74,0,0
607,3,5,2.77,4.55,0.9,0.23,5.64,5.46,5.33,9.54,9.33,9.34,05.02,0.46,6,1,2
608,4,8,01.06,0.25,8.85,0.76,6.54,0.47,2.66,4.14,4.67,0.32,5.78,0.14,1,1,4
609,5,10,7.54,4.55,3.14,5.33,7.19,0.43,1.68,5.48,8.94,1.12,4.25,0.2,97,1,2
610,4,1,2.62,6.78,8.48,4.37,8.27,8.31,9.69,5.39,0.95,09.01,2.45,0.34,17,1,1
611,6,3,6.8,5.85,2.57,7.99,7.12,7.57,8.54,4.75,5.6,8.23,3.21,0.41,21,1,1
612,3,1,0.42,9.67,7.66,9.72,2.22,5.64,6.48,9.46,9.32,8.25,2.45,0.66,28,0,2
613,5,2,5.58,7.56,7.99,8.51,8.89,5.65,9.94,6.83,0.76,1.21,1.49,0.41,35,1,0
614,8,1,08.01,3.47,5.71,9.87,1.1,1.56,2.4,4.86,3.4,3.63,4.67,0.29,34,1,0
615,7,8,8.53,9.77,6.37,4.12,0.03,2.98,4.38,1.44,2.38,0.34,6.12,0.53,59,1,2
616,5,10,2.99,8.43,3.53,8.87,5.56,3.62,7.77,05.03,4.28,1.42,7.75,0.5,4,0,2
617,6,8,02.07,2.48,4.21,5.26,9.98,4.19,3.84,6.78,9.55,7.27,7.22,0.36,48,1,1
618,3,3,0.49,5.5,5.47,3.39,5.9,6.59,9.1,6.82,4.17,3.64,6.84,0.71,56,0,3
619,5,8,3.96,6.57,06.04,4.14,8.2,9.16,9.77,3.48,7.4,09.05,5.73,0.13,51,0,3
620,8,3,4.73,8.64,8.24,9.38,9.53,0.28,1.31,9.49,1.96,10.0,8.32,0.65,42,1,1
621,2,6,8.49,7.97,8.51,2.25,3.79,9.98,5.5,3.96,2.42,3.42,8.43,0.81,52,1,4
622,4,1,4.98,0.22,2.18,8.28,1.55,07.07,2.2,7.92,5.35,9.45,9.1,0.35,18,0,2
623,1,3,2.54,8.72,04.09,9.17,8.7,2.58,5.94,1.69,8.68,4.32,6.22,0.72,19,1,3
624,1,10,4.7,7.85,1.15,5.24,6.25,9.91,4.96,06.02,6.9,3.92,2.93,0.81,93,1,1
625,6,3,1.16,9.53,9.16,5.27,7.34,4.45,0.22,9.54,2.19,4.3,5.69,0.83,72,1,3
626,7,8,6.44,2.73,4.72,0.67,7.37,4.23,8.0,5.96,5.2,0.48,4.25,0.89,81,0,3
627,8,4,1.25,5.21,5.17,9.12,2.7,8.99,05.09,5.29,4.18,6.38,4.13,0.23,3,1,2
628,8,8,5.7,4.37,4.1,02.04,6.83,8.62,4.27,8.69,1.34,1.68,09.02,0.85,74,0,1
629,10,10,3.31,5.24,6.97,1.27,8.79,02.06,2.97,4.17,8.79,0.75,0.49,0.4,39,1,3
630,3,4,6.87,4.37,0.09,1.48,5.44,06.07,1.37,7.9,8.86,1.25,9.18,0.65,85,0,0
631,9,4,9.41,9.48,2.22,4.19,2.93,2.66,4.51,2.54,0.06,2.89,9.7,0.01,71,1,0
632,8,9,8.8,2.13,0.71,4.47,6.96,7.53,02.08,2.99,9.19,0.55,0.38,0.73,43,1,1
633,4,10,1.22,2.98,9.64,8.53,5.94,6.68,7.21,01.01,1.82,04.01,7.21,0.36,67,0,0
634,10,3,0.85,3.19,6.88,4.56,2.11,9.64,0.29,0.11,7.21,8.36,4.27,0.16,48,1,0
635,4,3,3.68,2.59,0.41,2.36,2.12,09.08,0.17,0.74,3.96,9.6,1.73,0.08,81,0,1
636,7,8,2.74,9.38,6.43,3.91,4.0,0.92,1.87,03.03,1.35,9.59,2.54,0.09,50,1,2
637,3,4,6.71,0.33,2.21,0.36,7.14,7.37,2.33,2.3,8.35,7.26,4.79,0.0,29,0,0
638,3,5,9.67,7.17,3.12,08.01,7.89,03.04,4.45,08.04,7.36,04.01,1.74,0.95,99,0,0
639,1,7,3.63,6.91,3.26,1.42,6.65,2.8,07.06,3.83,2.76,2.96,9.26,0.59,56,1,2
640,8,5,2.23,1.32,8.69,3.95,4.91,5.36,07.01,3.31,4.8,5.27,4.14,0.19,100,1,4
641,1,2,0.43,4.32,0.31,2.21,8.36,9.93,0.01,7.61,4.36,6.96,5.7,0.33,100,1,1
642,6,3,6.89,01.08,2.87,7.81,9.85,2.63,5.97,2.49,2.68,07.01,9.24,0.74,91,0,1
643,1,7,4.77,3.91,2.46,3.59,0.06,7.94,9.41,2.76,5.31,6.49,9.78,0.16,4,1,4
644,4,3,9.38,9.22,9.15,07.08,7.49,3.64,3.98,4.56,5.2,7.29,9.5,0.99,41,1,3
645,10,4,3.57,9.31,5.4,2.2,1.73,07.03,5.43,1.63,2.7,2.7,1.72,0.11,81,0,0
646,7,2,7.27,5.12,4.52,2.66,09.01,3.13,9.13,3.8,5.25,4.9,07.01,0.4,44,0,3
647,3,2,0.11,1.23,7.53,5.65,4.67,2.98,4.33,6.56,1.87,02.02,0.04,0.02,12,1,4
648,6,4,5.95,3.38,05.09,3.87,8.63,9.48,6.22,6.61,2.19,5.78,2.32,0.13,44,1,3
649,2,7,0.71,7.11,5.8,5.85,6.96,2.36,3.18,5.46,7.87,4.58,1.35,0.8,22,0,4
650,3,4,4.55,3.41,08.08,4.87,1.3,5.92,8.56,4.84,2.46,3.28,2.16,0.89,89,0,4
651,10,1,0.55,3.46,5.76,3.83,08.08,0.27,3.92,1.69,7.3,7.91,5.35,0.66,47,1,2
652,7,10,8.33,2.71,7.47,8.23,1.87,7.18,9.97,5.75,2.45,0.1,8.65,0.05,76,0,4
653,4,3,7.82,7.76,9.99,0.77,0.81,6.67,8.56,9.57,1.34,1.36,6.74,0.67,50,0,4
654,3,9,02.01,0.97,7.98,6.39,7.33,5.96,2.81,4.33,0.49,9.32,5.46,0.33,20,0,0
655,3,2,9.32,8.69,9.45,3.73,1.5,0.38,8.21,5.45,6.5,9.85,3.47,0.03,48,1,0
656,8,10,8.37,2.11,2.35,4.41,7.75,7.5,1.9,3.17,8.48,6.65,6.26,0.25,12,0,0
657,2,8,0.48,1.5,7.76,0.26,1.13,6.54,9.3,7.59,09.08,7.7,6.18,0.05,95,1,3
658,9,3,0.67,6.71,5.79,1.82,6.71,9.64,4.93,2.83,07.01,2.23,4.1,0.54,89,0,2
659,9,1,0.9,1.18,9.58,5.56,5.31,4.21,2.29,4.77,6.96,0.09,2.17,0.69,74,0,2
660,9,6,9.41,5.57,07.07,2.34,6.16,2.6,2.97,9.69,2.21,0.19,8.78,0.1,47,1,2
661,6,9,4.38,6.12,5.51,0.98,5.59,1.31,5.37,6.22,5.98,1.4,5.61,0.25,70,1,0
662,9,7,04.07,1.92,4.49,6.62,09.02,8.22,8.99,4.38,8.83,9.65,4.61,0.22,63,1,3
663,3,2,8.26,8.14,5.0,2.14,6.92,6.61,4.65,4.58,5.74,0.35,2.96,0.08,11,0,1
664,3,1,02.05,5.21,5.15,7.23,06.09,3.73,2.36,0.82,0.33,3.28,0.79,0.98,17,1,4
665,10,8,9.45,4.61,4.55,1.46,4.85,4.28,02.07,9.85,2.13,6.62,5.26,0.34,38,0,2
666,10,10,6.0,2.29,0.13,1.24,2.41,5.88,1.22,0.03,9.54,8.18,0.57,0.27,80,0,1
667,10,8,0.26,3.81,6.0,9.15,1.91,4.41,5.1,9.31,1.21,3.79,3.22,0.91,7,1,2
668,9,1,9.35,4.12,09.07,7.84,7.89,8.99,0.53,08.02,2.44,9.72,2.28,0.19,31,0,4
669,6,7,0.27,7.57,6.87,7.17,6.78,3.37,8.24,1.0,9.35,2.91,5.65,0.1,34,0,3
670,1,3,1.19,4.1,7.65,2.43,5.77,4.45,2.15,02.05,2.39,3.3,8.59,0.02,42,1,3
671,10,4,6.73,2.67,2.77,7.16,3.42,1.75,7.0,8.76,6.73,6.35,4.88,0.13,8,0,0
672,7,8,5.66,2.33,5.66,0.08,1.12,4.41,9.15,8.8,5.17,5.35,8.74,0.09,15,1,3
673,5,5,7.96,9.43,7.75,4.37,2.15,7.78,06.09,4.54,6.87,8.1,7.48,0.94,75,0,1
674,5,5,2.49,1.96,5.16,8.21,9.12,4.39,04.08,1.96,8.86,5.45,9.36,0.63,80,0,3
675,1,7,9.6,4.43,5.58,7.13,0.37,7.93,0.12,7.25,01.09,5.37,9.33,0.67,43,0,4
676,1,8,5.32,5.75,5.41,7.11,6.2,8.84,1.76,2.71,9.8,6.75,4.18,0.05,72,1,3
677,6,8,2.11,5.32,5.43,4.81,5.33,0.07,0.93,7.31,6.7,5.54,08.05,0.32,94,1,4
678,6,6,9.17,9.26,09.08,0.86,7.2,2.42,8.58,2.76,5.29,0.13,9.97,0.97,100,0,4
679,10,5,7.18,0.07,7.36,2.5,9.6,6.46,08.03,0.16,0.81,8.39,9.23,0.49,81,0,1
680,10,8,1.68,3.85,1.35,3.88,8.84,4.37,9.83,8.6,3.84,8.7,1.58,0.54,57,0,4
681,5,5,0.33,09.08,4.86,3.83,0.01,1.43,9.51,0.35,1.52,0.3,4.6,0.04,22,0,0
682,2,3,6.87,8.53,0.03,5.28,2.83,4.21,9.48,0.36,7.93,2.25,2.3,0.65,43,1,0
683,3,8,1.82,6.26,2.1,2.89,5.19,1.6,9.89,1.89,9.68,7.99,0.44,0.49,33,0,4
684,4,5,2.23,0.98,6.47,5.58,6.38,6.3,2.91,05.09,8.67,9.46,3.78,0.49,25,1,4
685,6,3,5.34,5.19,6.66,7.63,3.82,5.22,6.89,4.68,0.05,6.58,0.49,0.76,36,0,0
686,4,4,3.76,5.79,0.38,6.29,5.97,0.83,7.67,5.1,5.58,6.25,6.62,0.71,85,1,4
687,7,5,5.77,9.91,1.51,01.08,8.36,7.99,5.98,6.1,5.66,8.33,8.13,0.94,14,0,2
688,5,9,4.97,3.58,8.42,4.92,9.27,4.89,1.56,07.08,2.79,0.87,7.59,0.29,66,1,0
689,1,8,9.51,7.97,8.48,01.09,9.28,9.41,4.27,5.34,03.08,8.97,2.85,0.72,81,0,3
690,10,7,6.3,8.61,9.88,0.65,1.63,7.94,5.58,9.75,9.55,09.09,8.85,0.43,95,1,4
691,1,7,1.41,9.56,6.91,4.35,2.84,2.8,5.53,0.54,7.35,9.18,2.48,0.46,11,1,2
692,7,7,9.85,5.12,9.8,2.47,2.8,7.77,0.65,4.58,3.24,2.16,5.68,0.12,6,1,4
693,3,2,4.43,8.23,9.19,7.89,5.9,3.67,4.54,2.79,7.21,0.79,01.01,0.04,94,1,1
694,2,4,6.22,8.98,9.22,4.2,7.68,1.7,3.75,9.33,8.2,0.38,6.86,0.28,92,1,0
695,9,7,4.81,4.44,6.23,1.4,5.72,4.43,9.39,3.72,9.5,4.52,8.48,0.98,91,1,1
696,10,2,0.48,3.37,1.67,04.07,7.25,1.46,4.57,04.05,9.82,08.09,6.45,0.24,2,1,4
697,6,10,9.89,0.42,9.28,0.98,9.25,2.26,5.14,5.16,2.82,1.3,4.37,0.19,93,0,3
698,8,1,2.78,9.44,3.95,06.06,3.12,9.93,3.46,6.17,07.09,4.47,2.66,0.42,28,1,2
699,8,7,8.91,06.02,5.15,04.07,0.59,9.12,2.37,4.38,4.8,6.83,9.98,0.85,87,1,2
700,4,8,9.12,3.78,9.93,5.63,4.8,4.93,4.11,9.82,01.05,5.92,6.34,0.44,64,0,2
701,2,7,9.5,9.22,4.88,8.65,2.62,2.64,1.69,08.05,4.1,9.53,4.11,0.1,7,1,1
702,4,1,4.97,1.79,9.99,0.45,0.72,03.01,2.62,4.91,03.01,0.05,2.23,0.54,21,0,2
703,1,5,7.56,2.67,2.34,9.55,1.31,9.99,7.76,7.4,0.56,2.24,8.63,0.58,50,1,4
704,8,8,9.18,2.47,0.48,5.1,1.72,0.29,3.59,2.72,9.82,09.04,0.39,0.64,58,1,4
705,2,10,0.31,0.97,8.58,4.92,1.93,3.66,2.63,5.95,7.24,7.0,6.39,0.92,8,1,0
706,8,5,09.07,4.54,1.23,0.53,2.66,5.14,4.42,0.26,5.11,5.15,4.27,0.77,35,1,0
707,5,2,4.76,2.12,1.94,1.11,0.73,4.68,9.72,5.91,7.86,3.14,2.67,0.83,29,1,4
708,4,1,3.72,1.95,7.56,3.11,7.79,1.57,8.31,8.23,4.98,2.48,5.7,0.44,38,0,2
709,8,7,3.4,0.15,5.46,4.7,7.22,4.34,6.46,5.46,8.27,5.21,0.77,0.34,8,1,4
710,8,8,5.99,2.14,2.32,0.76,0.31,3.11,7.2,4.23,6.35,4.64,7.31,0.32,15,1,2
711,8,8,4.71,2.72,06.06,3.25,5.56,04.02,3.29,01.02,0.28,4.34,3.54,0.73,37,1,1
712,9,6,1.45,2.65,01.08,3.36,5.55,4.96,8.18,0.11,8.99,8.83,8.33,0.58,80,1,4
713,2,5,3.22,7.25,3.9,6.74,0.04,3.31,6.26,3.44,8.34,5.34,8.12,0.28,98,1,4
714,5,4,7.11,06.04,3.95,9.61,5.69,6.95,8.73,9.7,2.1,0.07,8.22,0.81,5,0,4
715,10,10,0.44,2.71,2.41,1.38,4.74,4.26,0.14,9.4,3.93,8.56,0.82,0.67,31,1,3
716,4,7,5.0,8.7,1.3,7.51,1.22,5.45,8.97,9.85,1.28,9.84,8.65,0.93,17,1,4
717,5,1,2.43,3.89,2.17,7.44,5.99,2.98,0.22,9.95,4.96,7.69,03.08,0.6,94,0,3
718,7,2,8.25,0.38,2.86,2.67,2.86,7.24,9.13,5.4,2.23,8.22,03.08,0.61,84,1,1
719,10,4,3.57,9.24,3.18,8.55,5.73,8.92,2.36,6.49,3.72,6.79,8.16,0.61,97,1,0
720,7,9,0.65,2.27,6.98,08.01,1.67,6.14,8.87,9.18,9.71,8.11,5.28,0.69,41,0,2
721,3,1,9.37,1.56,1.28,3.3,1.32,6.56,5.81,4.82,5.15,3.44,8.11,0.79,95,0,1
722,10,9,5.95,3.26,9.94,8.65,5.53,0.55,6.92,9.71,0.01,05.06,1.86,0.81,93,0,3
723,3,10,8.24,07.04,9.83,5.49,9.74,5.72,9.99,5.62,7.34,03.05,0.8,0.3,81,0,1
724,7,8,9.53,6.21,01.09,1.43,8.41,5.95,9.93,9.16,8.3,9.83,9.6,0.06,99,1,4
725,9,3,1.28,2.57,9.43,1.44,4.16,8.18,7.1,4.27,2.5,5.12,0.32,0.87,47,1,2
726,6,3,5.55,4.51,9.63,6.53,1.39,8.93,0.21,1.41,7.76,5.65,2.98,0.82,56,1,1
727,8,10,04.03,9.78,4.45,5.31,0.05,9.73,6.98,8.33,6.34,1.43,6.95,0.62,71,0,3
728,10,8,3.61,3.87,2.88,7.17,3.85,5.13,0.13,3.94,0.2,0.52,9.26,0.03,97,1,0
729,2,2,3.76,4.54,1.72,0.03,1.86,6.39,4.69,6.13,4.63,2.72,3.78,0.04,64,0,2
730,4,7,6.16,1.83,7.94,03.05,5.43,6.11,7.96,7.3,1.69,8.84,02.04,0.64,49,0,2
731,4,8,6.15,4.42,4.73,2.52,1.23,2.84,5.75,9.39,3.33,0.27,9.49,0.1,32,0,4
732,10,9,8.93,09.02,6.48,3.36,1.82,8.41,3.9,5.83,6.46,5.75,2.79,0.35,81,0,2
733,5,4,9.49,8.44,0.8,5.56,1.99,1.54,8.32,2.38,1.33,3.94,1.58,0.93,89,0,1
734,7,2,3.93,4.8,7.59,2.82,2.15,2.5,9.18,6.11,5.56,02.09,2.43,0.87,48,0,4
735,10,6,7.63,9.76,4.58,1.84,4.8,09.01,7.91,6.75,4.68,7.25,0.08,0.7,46,0,1
736,5,7,0.43,7.98,6.86,3.14,7.8,1.55,5.43,03.06,9.5,4.98,0.75,0.21,66,0,2
737,1,8,7.97,07.05,6.2,0.91,5.31,7.33,6.34,5.17,2.1,8.85,2.82,0.09,45,0,1
738,9,1,6.75,6.9,1.91,0.62,4.6,06.05,1.2,8.99,6.64,8.63,9.71,0.73,55,1,2
739,8,5,8.18,7.49,8.61,9.5,01.03,5.27,7.61,2.7,2.4,09.07,7.38,0.79,28,0,2
740,7,6,09.02,2.74,6.32,7.34,4.17,6.36,8.25,8.5,0.52,9.15,2.41,0.56,70,1,0
741,5,10,6.71,9.23,6.78,02.02,9.67,5.53,8.29,1.36,09.06,3.8,06.08,0.93,62,1,3
742,9,1,8.2,5.47,6.34,4.39,8.35,9.18,09.09,6.37,9.5,4.8,6.26,0.68,2,1,4
743,3,2,6.25,7.76,9.21,9.69,4.29,4.15,7.53,6.12,4.36,1.11,9.9,0.93,81,0,1
744,2,4,3.86,6.95,6.25,4.73,3.14,8.22,1.49,4.18,05.03,4.83,7.44,0.28,100,1,2
745,3,2,7.65,9.26,1.74,1.75,4.67,4.13,6.54,4.72,9.56,5.62,7.43,0.22,28,1,3
746,1,4,2.56,6.87,2.98,3.46,9.23,6.19,5.23,6.22,3.78,2.8,8.82,0.43,10,1,3
747,8,8,1.15,4.49,4.49,08.07,7.64,6.42,7.77,4.74,0.69,2.49,3.37,0.28,20,1,0
748,5,7,1.8,7.0,6.48,1.41,9.66,0.74,3.13,5.88,5.48,7.24,1.83,0.88,4,1,2
749,8,3,2.4,1.66,7.23,0.98,4.98,8.9,8.77,0.75,0.89,8.71,8.12,0.0,53,1,1
750,4,3,1.27,2.66,0.63,3.14,4.85,6.98,5.8,7.31,7.12,9.81,5.62,0.84,98,1,0
751,7,8,6.38,6.42,8.38,6.63,2.11,7.24,0.77,05.03,9.49,6.73,3.39,0.03,24,1,3
752,8,2,4.5,5.13,8.75,2.51,7.44,2.52,9.9,9.29,9.23,6.28,0.42,0.0,16,0,3
753,2,3,0.41,9.4,4.49,0.75,1.15,5.82,0.45,6.73,9.14,4.34,8.4,0.95,55,0,1
754,1,3,0.05,4.25,3.25,1.31,1.79,9.15,8.67,5.84,5.78,0.89,0.77,0.47,66,0,4
755,1,5,2.35,1.56,7.55,4.69,6.58,4.49,5.75,3.7,02.05,1.53,6.46,0.51,12,1,4
756,9,6,2.74,04.05,2.31,0.49,3.48,3.98,0.74,1.5,6.96,4.89,1.84,0.59,79,1,0
757,8,3,09.03,1.35,4.28,6.15,7.25,1.95,2.21,5.77,4.29,9.33,2.22,0.88,23,1,2
758,2,8,8.98,0.22,4.83,5.98,1.28,6.57,3.11,2.31,2.77,5.83,6.88,0.23,3,0,2
759,9,5,9.64,2.21,8.1,0.35,2.4,01.07,6.75,3.11,3.27,1.67,01.07,0.06,67,0,3
760,9,2,2.36,1.92,05.05,2.2,6.41,3.12,9.87,9.2,0.36,5.15,6.39,0.34,79,1,3
761,6,4,6.58,08.07,2.14,7.43,3.9,03.02,9.36,02.03,1.17,7.61,1.19,0.46,89,0,0
762,3,10,2.11,2.14,4.64,1.32,5.79,03.01,0.26,2.24,6.92,1.62,03.04,0.83,67,1,1
763,1,4,9.41,4.5,04.03,2.39,9.91,1.19,5.36,2.86,07.07,8.75,9.5,0.6,44,0,4
764,8,3,4.63,6.7,5.56,0.65,0.03,0.72,0.43,9.51,0.57,7.87,9.12,0.11,64,1,1
765,2,4,8.16,3.39,2.27,2.25,1.75,6.38,1.33,8.68,09.01,7.31,5.33,0.47,1,1,0
766,3,7,1.37,5.62,8.36,4.23,1.2,0.13,02.09,7.39,09.07,7.22,9.38,0.98,34,1,1
767,6,4,0.15,5.98,2.62,9.89,4.46,9.39,7.13,8.12,0.89,2.21,3.33,0.56,26,1,2
768,10,6,9.11,5.44,8.24,4.84,01.09,05.04,2.93,7.17,9.17,5.95,8.8,0.21,90,0,0
769,3,9,6.29,08.06,07.06,9.27,5.67,6.13,5.89,3.4,1.22,3.16,1.66,0.18,30,1,4
770,10,6,7.95,3.5,6.53,3.51,07.04,1.31,8.72,5.73,4.92,06.01,0.24,0.95,29,0,2
771,6,4,3.71,4.76,7.1,4.19,2.7,9.46,9.41,4.17,3.55,4.51,5.64,0.89,10,1,2
772,9,6,0.93,6.41,8.87,6.35,3.27,8.4,9.34,01.04,5.69,6.85,9.27,0.77,59,1,2
773,4,4,08.03,2.29,2.58,6.45,1.64,2.7,04.09,5.32,4.51,0.01,8.67,0.81,38,0,4
774,9,4,5.63,08.01,0.07,7.8,6.75,7.83,5.8,7.23,07.08,3.6,5.22,0.58,37,0,4
775,1,7,7.72,8.22,9.85,3.67,1.72,5.34,6.45,4.5,3.89,0.7,8.83,0.67,96,0,2
776,8,6,1.11,3.1,8.86,5.62,9.11,7.78,06.01,3.16,3.7,0.82,8.45,0.43,23,1,1
777,4,1,7.42,9.1,8.32,9.15,1.76,9.5,1.92,8.69,5.28,3.2,5.99,0.8,48,1,3
778,2,5,3.5,1.14,5.59,4.72,6.95,5.12,2.76,5.21,0.53,9.59,8.64,0.53,54,0,3
779,3,7,3.3,3.52,9.79,1.97,6.51,6.44,8.13,4.37,1.53,5.54,05.09,0.79,33,1,0
780,6,6,4.21,7.72,8.82,6.53,9.77,4.4,0.96,1.47,0.26,09.03,8.83,0.27,96,1,0
781,4,4,7.55,8.43,08.06,6.54,4.77,6.62,8.69,3.59,7.19,5.77,5.15,0.31,28,0,1
782,2,9,1.26,02.08,3.1,4.37,2.15,4.48,02.03,1.28,7.22,7.38,7.78,0.97,63,1,4
783,10,10,4.48,5.5,0.14,8.73,3.18,0.12,9.32,0.27,4.43,6.12,2.56,0.58,85,1,1
784,10,5,7.27,9.42,0.48,8.18,3.92,8.58,8.84,0.83,8.86,3.35,5.72,0.89,93,1,4
785,2,4,5.96,06.09,3.94,9.57,4.26,4.8,6.72,01.08,9.89,0.06,2.45,0.49,65,0,3
786,8,7,2.35,5.77,3.47,1.75,1.19,3.28,3.56,8.29,1.44,0.78,2.12,0.33,59,1,4
787,1,1,6.63,6.97,05.05,6.9,2.95,9.76,5.87,8.36,2.44,1.79,0.4,0.32,5,1,2
788,2,6,2.17,8.57,4.41,4.65,9.63,0.57,4.45,5.93,04.03,3.98,2.72,0.83,69,1,0
789,6,6,0.91,07.05,4.13,7.53,03.08,8.56,9.33,2.17,7.63,4.55,7.98,0.44,4,0,1
790,2,5,08.04,0.91,3.29,2.8,9.46,7.23,8.95,3.83,0.13,8.33,1.25,0.78,6,1,3
791,9,2,2.28,1.24,9.48,01.07,4.36,8.52,8.81,1.8,0.77,6.25,2.84,0.26,24,1,2
792,5,6,9.66,6.95,0.85,7.71,1.52,0.62,1.83,0.08,4.17,3.93,1.36,0.89,18,0,2
793,7,10,0.7,3.36,4.51,8.36,1.82,6.44,6.98,7.41,8.43,7.37,2.27,0.27,5,1,4
794,1,4,3.56,8.28,08.04,1.37,8.1,9.51,1.73,4.43,8.82,9.37,5.12,0.36,96,1,2
795,6,10,8.38,6.5,3.26,7.3,7.14,7.93,2.54,6.16,9.9,0.18,10.0,0.75,45,0,1
796,6,9,7.55,2.45,3.42,0.41,3.9,1.67,5.28,8.68,07.08,8.33,1.49,0.49,10,1,2
797,1,3,3.29,9.42,9.94,4.33,1.75,7.98,6.84,0.54,6.34,2.43,4.22,0.78,92,1,1
798,4,7,6.68,6.26,5.6,3.71,0.32,4.14,2.11,7.83,3.62,1.69,08.03,0.7,1,1,2
799,1,6,1.55,0.66,6.68,4.89,2.61,2.96,8.94,6.96,3.69,6.35,0.15,0.33,5,0,3
800,6,6,5.79,1.85,2.55,9.71,7.76,4.17,7.23,2.76,9.34,06.04,8.84,1.0,5,1,2
801,1,10,9.65,2.82,1.72,4.46,06.07,8.69,09.08,8.23,7.89,2.23,8.79,0.99,48,0,1
802,6,6,04.06,5.65,3.75,2.27,6.71,1.63,3.12,7.96,02.06,03.05,01.07,0.65,7,0,2
803,10,5,7.69,0.19,6.0,9.83,7.24,4.14,8.45,0.9,4.14,2.56,3.38,0.95,3,1,0
804,8,8,2.13,05.08,0.69,7.93,3.37,02.01,6.72,9.2,4.66,2.24,7.82,0.21,7,0,3
805,7,6,8.44,0.93,3.19,09.09,7.57,9.83,04.06,5.9,3.12,08.05,7.88,0.04,57,1,0
806,10,1,08.01,6.48,8.47,1.42,7.64,0.3,0.32,5.39,2.16,4.79,4.16,0.7,96,1,0
807,4,6,2.13,3.85,5.58,0.87,04.04,9.41,5.25,3.24,7.49,3.8,4.49,0.97,83,1,3
808,10,7,02.07,7.71,9.92,1.67,0.7,3.87,3.67,5.25,1.75,0.56,0.09,0.29,26,0,1
809,8,3,3.92,6.43,4.5,2.68,2.9,3.22,8.52,3.72,0.12,8.92,2.35,0.21,61,0,3
810,2,4,9.78,3.32,1.5,8.89,0.15,9.18,2.21,4.34,5.72,1.7,8.53,0.66,17,1,2
811,6,3,9.26,1.64,6.55,8.63,6.33,1.76,1.0,2.46,6.71,3.36,4.44,0.42,63,0,0
812,6,5,0.86,6.55,9.48,2.71,4.54,6.48,7.26,4.22,7.67,5.54,4.85,0.61,6,0,1
813,3,3,6.87,9.25,8.55,1.23,1.24,3.93,2.37,3.37,01.04,1.76,6.84,0.12,50,1,0
814,9,10,8.45,8.31,3.71,6.54,0.83,5.26,7.74,8.26,9.58,7.55,1.2,0.37,79,0,4
815,4,3,7.72,0.5,1.78,2.11,8.15,7.76,4.56,3.9,1.41,3.29,9.13,0.47,47,1,2
816,6,5,8.19,4.48,5.65,6.17,0.29,1.67,8.71,9.86,4.98,4.32,7.86,0.83,41,0,3
817,6,8,9.85,4.68,5.79,9.65,0.72,5.33,06.09,04.09,6.6,6.85,0.37,0.96,55,0,4
818,3,4,1.66,5.15,5.69,0.82,07.08,8.6,02.08,5.38,2.54,06.08,7.3,0.15,3,0,4
819,7,1,03.05,6.4,8.5,5.46,8.88,7.79,0.54,7.27,7.91,8.0,8.78,0.64,65,0,4
820,6,4,08.08,5.41,4.61,1.67,7.31,6.33,1.3,3.98,7.49,8.56,04.04,0.99,76,0,2
821,6,3,0.41,1.31,1.28,03.02,7.31,6.37,4.34,1.35,9.29,6.43,04.02,0.05,42,1,4
822,1,10,3.65,0.67,4.77,08.07,6.71,0.64,8.82,1.91,9.5,0.93,8.94,0.85,33,0,3
823,3,6,9.3,9.48,4.54,0.74,6.18,4.21,8.56,5.74,4.93,5.52,9.87,0.25,11,1,1
824,3,6,3.88,2.36,5.12,9.0,7.84,3.78,9.91,7.19,9.53,03.06,2.52,0.64,90,0,0
825,6,9,5.24,03.07,0.36,1.67,6.62,7.95,2.69,5.71,8.7,3.41,6.8,0.87,45,1,4
826,6,9,3.43,9.28,2.36,5.46,6.99,0.36,0.96,9.19,2.44,3.94,5.53,0.85,3,1,4
827,3,10,8.0,6.38,1.33,9.71,9.51,0.25,0.61,0.09,8.92,0.28,07.03,0.67,2,0,1
828,2,10,0.64,9.24,9.14,8.69,1.35,4.59,4.33,0.16,0.14,8.39,6.37,0.91,60,1,2
829,4,4,5.24,1.84,3.22,07.06,2.55,8.95,6.5,6.55,04.08,1.46,2.93,0.38,59,1,3
830,9,4,6.95,8.6,1.94,0.75,7.63,5.64,8.59,5.89,2.46,9.49,3.86,0.12,74,1,4
831,1,3,3.19,1.12,9.43,9.54,6.84,6.93,3.76,7.82,9.68,9.61,7.74,0.99,63,0,4
832,2,7,0.63,03.09,2.84,9.74,07.09,8.72,03.07,4.33,7.64,3.24,2.22,0.05,89,0,4
833,5,2,9.33,0.8,3.5,06.03,2.22,3.63,5.6,6.73,1.51,4.79,8.23,0.47,9,0,1
834,9,8,1.43,7.4,09.07,4.99,4.54,6.9,3.67,4.51,03.07,2.79,8.16,0.62,66,0,1
835,3,3,9.52,3.17,3.49,2.62,9.42,5.99,0.29,7.71,2.3,4.73,3.26,0.91,78,1,4
836,1,9,3.8,7.67,4.43,2.75,08.08,9.45,1.65,2.64,6.63,5.97,4.13,0.32,81,1,1
837,6,2,1.71,7.55,2.36,01.02,7.4,8.23,9.59,6.99,02.07,3.66,1.65,0.5,35,1,3
838,10,9,09.02,4.22,2.36,0.58,8.4,0.51,3.98,2.1,2.64,5.65,4.58,0.01,52,1,3
839,9,6,6.65,6.73,6.87,8.98,4.67,0.49,8.92,2.77,4.94,08.05,8.16,0.94,11,0,4
840,10,6,3.8,0.29,1.59,1.1,4.38,09.09,1.95,2.6,02.04,4.32,0.33,0.3,59,1,1
841,8,7,3.55,0.0,02.03,6.36,1.23,9.41,4.43,1.53,6.39,2.43,09.06,0.42,77,1,4
842,2,2,5.35,2.77,0.23,1.45,08.07,02.09,2.81,8.82,0.52,2.52,07.04,0.54,83,1,3
843,10,7,9.34,8.32,3.88,7.27,1.5,8.8,7.59,2.64,7.4,1.52,6.18,0.59,74,1,0
844,8,4,6.48,2.75,4.46,7.67,3.91,4.57,6.52,9.24,9.51,6.94,1.93,0.07,6,1,3
845,8,6,5.74,8.14,0.58,5.43,2.71,3.23,1.31,4.42,5.92,07.01,6.38,0.31,42,0,3
846,4,10,0.24,2.9,0.67,1.7,3.19,2.25,0.18,9.5,5.57,5.86,6.78,0.58,24,0,2
847,7,2,2.78,04.05,5.12,0.41,0.24,7.47,3.26,9.24,2.43,4.94,05.02,0.96,63,0,1
848,10,3,9.82,7.2,2.31,9.14,1.31,4.38,9.5,4.55,8.96,9.45,3.2,0.96,53,0,1
849,4,1,4.5,3.81,0.4,4.12,5.3,8.88,4.62,2.98,7.99,0.46,8.0,0.8,88,1,3
850,8,6,4.37,4.93,0.29,5.66,8.19,05.06,7.92,07.04,8.12,2.72,5.76,0.5,42,1,0
851,3,7,0.53,6.29,8.97,1.0,7.64,9.14,9.54,4.82,6.21,04.02,0.48,0.62,52,1,4
852,1,1,4.75,9.14,3.45,5.99,5.57,5.97,02.05,2.31,9.18,9.98,8.75,0.21,43,0,4
853,5,7,4.88,3.27,2.9,6.29,4.24,4.6,6.98,2.2,6.26,6.48,2.33,0.42,70,1,3
854,7,6,4.63,6.38,0.9,6.12,7.12,5.62,1.62,5.29,9.39,4.43,3.21,0.82,78,1,4
855,6,4,1.82,4.71,8.9,4.4,9.69,4.37,0.38,0.52,9.2,5.12,0.46,0.73,48,0,1
856,10,7,4.35,8.38,3.9,3.59,5.12,2.85,9.53,5.1,2.56,1.36,01.06,0.45,16,1,2
857,1,3,5.49,8.76,4.41,5.15,1.92,7.9,09.07,2.68,1.18,4.17,04.06,0.17,82,1,2
858,1,2,4.3,2.66,4.44,7.85,2.88,5.47,5.98,2.62,6.0,4.4,1.4,0.92,70,1,1
859,8,7,03.07,03.01,2.27,1.31,4.9,2.0,0.8,4.34,0.46,8.8,0.97,0.78,49,0,3
860,6,1,5.23,6.53,7.86,7.18,03.04,8.17,03.08,3.16,0.09,7.59,1.83,0.93,32,1,3
861,4,3,9.18,0.45,6.48,0.95,5.87,9.55,0.68,6.26,4.86,8.73,6.77,0.67,70,1,1
862,5,8,6.24,6.22,3.74,0.56,4.26,7.13,4.16,04.06,4.18,8.35,9.88,1.0,49,1,2
863,4,2,2.24,8.24,4.31,05.05,8.97,8.79,3.92,3.89,4.42,2.7,0.76,0.48,84,0,2
864,1,5,02.09,6.17,7.75,08.09,4.33,9.38,2.6,0.04,0.13,8.4,05.08,0.22,100,1,4
865,5,4,7.23,7.34,1.16,3.72,3.88,0.21,2.56,1.77,8.83,9.83,1.97,0.09,75,1,2
866,10,10,9.67,4.33,8.0,0.12,3.86,6.83,5.58,6.51,06.09,2.49,3.77,0.16,57,0,2
867,2,10,0.09,4.18,1.3,1.12,5.81,2.76,3.52,7.56,9.9,8.4,3.54,0.77,68,1,1
868,3,8,7.98,09.07,07.07,2.39,8.41,0.88,5.94,6.42,6.13,7.91,4.55,0.07,17,0,0
869,8,10,1.42,06.02,6.17,4.81,06.02,2.7,4.83,2.99,9.16,0.45,9.72,0.18,33,0,1
870,9,2,0.8,6.27,1.67,05.09,5.45,9.11,3.78,4.37,7.15,0.56,08.08,0.81,84,1,1
871,4,8,4.42,3.72,3.68,6.4,4.11,9.21,1.3,3.23,6.9,9.5,2.26,0.84,89,0,1
872,9,3,5.61,6.75,07.08,0.01,1.32,9.11,1.32,7.47,4.53,9.33,7.58,0.95,10,1,3
873,3,7,2.54,1.57,5.41,3.83,8.74,03.05,8.26,7.63,5.32,5.73,4.31,0.79,17,1,0
874,2,2,5.66,07.09,0.59,7.23,3.54,4.34,0.58,7.36,1.54,2.58,5.14,0.87,51,1,3
875,1,3,1.31,4.62,6.3,5.36,0.18,1.41,8.49,1.4,1.5,7.76,7.65,0.16,5,1,0
876,4,1,0.21,4.64,7.84,09.02,01.05,3.13,7.24,1.37,08.04,6.44,5.93,0.15,84,1,1
877,3,5,1.92,06.09,9.54,8.77,06.05,2.96,8.33,5.32,2.77,3.72,4.81,0.92,90,1,2
878,5,6,1.39,1.88,1.25,3.77,3.64,0.59,2.92,8.61,8.78,7.85,1.33,0.48,75,0,0
879,4,9,4.97,4.81,0.41,04.07,5.74,6.67,09.01,08.05,2.34,03.05,1.86,0.41,35,0,2
880,8,9,6.38,3.84,4.99,0.9,9.89,9.47,5.59,9.35,9.56,7.78,2.73,0.04,97,0,4
881,2,10,3.73,8.1,6.89,4.64,6.5,05.04,0.77,4.74,9.4,03.01,4.72,0.39,54,1,0
882,6,6,7.97,9.23,9.31,4.1,0.1,1.73,7.18,1.76,0.48,9.75,3.91,0.22,81,0,2
883,8,8,08.05,4.88,08.04,04.08,04.09,7.83,3.7,0.93,6.0,6.47,9.75,0.97,24,0,3
884,5,3,9.79,9.37,8.57,06.02,01.05,4.42,2.1,2.52,07.09,7.57,3.54,0.5,22,1,0
885,8,2,4.78,02.02,8.44,2.79,2.59,2.16,6.3,8.1,08.01,5.48,3.56,0.76,79,1,1
886,8,10,7.98,5.59,3.17,8.0,1.11,0.88,9.6,8.67,1.81,3.92,6.13,0.69,77,0,3
887,9,2,8.12,7.32,6.2,06.09,0.49,0.38,7.63,6.42,7.79,8.38,4.25,0.36,57,0,0
888,4,9,4.97,5.41,7.42,9.91,9.83,04.01,6.13,6.16,2.52,0.45,2.23,0.78,77,1,2
889,9,6,4.41,4.31,7.98,6.88,8.95,6.89,7.47,0.08,09.09,9.61,05.05,0.03,2,1,1
890,1,3,5.9,7.31,2.18,1.61,4.84,8.64,0.88,02.01,5.47,1.47,1.24,0.08,88,0,3
891,1,3,2.58,5.84,6.94,9.49,8.22,6.78,6.3,0.96,4.16,2.33,03.03,0.96,7,1,0
892,4,7,08.02,2.94,4.26,1.72,6.18,7.94,6.39,0.7,5.6,6.39,2.26,0.57,84,0,3
893,2,1,8.0,0.04,2.21,2.66,4.32,08.04,1.62,9.65,1.64,5.26,7.51,0.94,11,1,0
894,10,3,5.24,2.15,6.33,8.77,6.61,5.46,4.4,0.36,0.93,8.33,2.32,0.59,54,0,4
895,10,6,1.43,5.6,0.95,1.54,4.77,0.5,6.72,8.14,7.6,7.5,3.9,0.57,9,1,4
896,1,4,8.88,07.03,5.74,6.95,3.49,5.94,0.64,9.12,9.97,2.98,8.3,0.65,61,0,1
897,10,8,6.86,5.68,0.93,9.35,7.92,7.95,6.43,6.43,2.11,5.2,6.5,0.22,55,0,3
898,4,2,2.62,01.04,7.63,7.51,2.93,2.36,01.01,0.2,9.9,6.27,0.16,0.77,58,0,2
899,6,6,2.13,7.58,3.29,1.92,3.43,0.86,1.42,5.92,2.65,7.95,7.61,0.73,69,1,1
900,3,2,9.43,7.19,2.88,2.74,0.12,8.18,6.47,3.21,2.98,3.62,2.7,0.29,23,0,4
901,9,3,3.67,5.65,7.74,4.58,9.64,0.04,5.47,0.27,3.36,0.08,4.99,0.92,15,1,4
902,3,8,6.86,4.36,5.94,5.79,6.19,7.74,9.97,04.07,6.85,1.48,6.62,0.64,94,0,3
903,9,3,3.79,2.31,2.58,01.05,3.99,4.25,5.35,9.38,03.02,5.71,08.02,0.75,20,0,3
904,2,5,5.61,2.16,0.1,1.63,8.49,9.27,9.53,8.86,07.08,1.83,7.48,0.36,5,0,2
905,7,3,3.85,5.6,0.69,1.65,3.99,1.0,02.04,5.62,8.13,8.67,9.58,0.34,83,1,1
906,4,6,4.59,9.5,8.54,6.75,6.53,5.64,5.22,3.14,7.72,6.68,3.93,0.3,21,1,1
907,3,2,0.98,0.24,8.72,1.26,8.36,0.14,3.13,7.17,1.74,2.31,3.17,0.76,2,1,2
908,4,2,3.58,2.56,2.55,8.55,2.2,04.03,7.74,4.81,3.7,5.71,5.45,0.25,22,1,2
909,9,1,6.25,0.66,2.26,3.41,8.56,09.04,5.64,2.99,04.04,4.15,7.15,0.38,76,1,3
910,10,8,2.2,3.66,1.94,8.52,7.95,7.53,1.86,4.61,5.26,4.97,8.99,0.49,70,0,4
911,6,10,4.6,9.62,7.25,7.15,9.99,5.18,5.34,9.3,8.14,3.82,7.93,0.48,15,1,4
912,2,2,1.32,7.12,4.37,7.96,0.25,0.93,2.59,07.07,5.76,7.97,8.15,0.18,6,0,4
913,3,9,7.49,2.87,0.25,6.7,3.38,9.86,8.74,5.81,9.65,8.56,6.22,0.98,26,0,3
914,4,9,6.26,1.57,2.66,4.68,6.31,2.39,5.77,3.99,3.99,06.02,9.7,0.25,15,0,1
915,5,3,3.2,6.46,6.71,3.71,6.16,5.17,02.05,0.27,2.85,5.47,9.96,0.38,85,1,2
916,8,8,07.08,6.23,7.81,6.13,8.94,3.46,0.21,1.15,2.42,6.91,3.97,0.85,38,1,3
917,6,7,8.5,1.78,5.26,0.25,6.91,3.95,9.75,9.58,4.65,3.11,9.86,0.64,14,1,0
918,5,3,3.6,4.43,07.06,6.16,5.84,3.6,1.31,3.62,6.79,1.52,8.46,0.2,50,1,0
919,10,8,4.18,2.1,05.03,03.02,0.84,6.97,8.78,9.31,5.72,1.15,2.65,0.51,9,1,1
920,1,7,3.28,7.38,6.44,1.48,3.97,6.62,0.66,5.82,3.35,6.83,6.61,0.47,77,0,3
921,4,5,5.45,7.41,6.46,8.71,9.17,9.22,8.69,0.94,2.45,6.71,7.64,0.77,39,0,0
922,1,3,6.65,02.01,8.2,2.24,8.94,1.97,06.04,1.59,6.19,5.1,6.24,0.2,44,1,4
923,5,7,9.41,5.79,7.4,5.62,3.1,0.93,6.4,2.49,4.59,2.7,3.48,0.16,10,1,3
924,1,4,7.38,4.36,02.02,7.44,03.05,9.45,6.43,04.09,1.96,1.89,9.75,0.17,60,1,1
925,2,3,1.27,1.44,3.5,08.09,8.71,4.33,8.28,1.17,2.53,5.95,04.07,0.03,16,1,2
926,10,3,7.0,0.15,4.1,7.74,1.64,08.09,05.07,6.32,2.33,9.44,7.26,0.88,66,0,0
927,7,5,5.6,9.59,6.57,5.27,01.08,1.94,04.09,2.71,5.81,5.34,4.39,0.19,1,1,3
928,8,1,7.92,6.99,8.25,6.96,7.43,6.8,8.88,8.87,3.53,02.07,3.14,0.9,48,0,2
929,3,5,1.87,1.74,8.6,4.44,5.11,5.75,1.85,9.21,6.49,2.98,1.86,0.81,5,1,1
930,9,9,6.92,8.28,0.77,6.69,8.63,8.44,2.7,7.45,9.79,2.57,8.74,0.87,76,1,4
931,2,4,0.41,4.44,5.58,5.75,4.73,4.94,9.14,8.5,0.91,2.66,6.11,0.59,88,0,1
932,7,10,5.73,4.87,5.42,8.79,2.11,3.7,3.32,7.66,2.38,0.97,0.08,0.62,88,1,2
933,1,9,6.15,0.31,0.44,9.34,7.8,03.02,02.05,5.74,08.05,5.87,9.33,0.48,74,0,2
934,2,8,7.66,3.39,5.33,4.29,5.41,6.44,5.35,9.52,7.82,8.46,7.77,0.6,5,1,0
935,6,6,0.05,2.37,4.3,7.29,1.35,8.65,9.34,2.2,6.19,8.91,9.93,0.5,48,0,1
936,6,7,3.91,7.8,2.11,0.6,0.38,9.1,7.38,6.93,9.78,7.68,7.11,0.34,73,0,2
937,2,6,9.2,7.8,3.58,02.02,7.2,02.03,5.91,2.46,5.68,2.17,3.16,0.31,12,1,1
938,5,6,2.72,0.73,7.46,3.65,8.63,1.69,5.9,05.06,7.66,6.58,4.13,0.72,75,1,0
939,4,7,3.13,1.92,8.87,1.47,3.26,3.1,6.36,09.07,1.11,1.26,2.37,0.26,59,0,2
940,6,8,3.58,07.04,8.52,09.02,4.68,03.04,0.75,3.5,09.08,4.23,1.75,0.42,89,1,4
941,1,10,09.06,1.85,4.65,2.91,9.12,4.23,2.25,9.77,9.12,0.23,3.79,0.55,13,0,0
942,2,3,8.18,4.11,4.46,2.64,05.07,6.86,8.28,6.86,03.01,7.3,1.39,0.81,92,0,3
943,4,3,9.54,5.29,4.45,8.88,3.39,2.31,0.59,2.86,9.4,7.82,0.86,0.05,69,1,2
944,9,3,8.6,7.99,07.06,6.12,06.06,0.74,1.62,2.96,2.16,4.85,7.34,0.9,21,1,2
945,3,5,7.32,6.83,6.33,7.13,1.52,9.63,2.38,2.54,5.3,1.67,7.25,0.55,69,1,1
946,5,9,7.81,04.05,7.43,4.32,0.37,9.87,4.75,8.77,1.45,6.83,9.71,0.07,98,0,1
947,3,1,6.49,0.23,6.64,1.21,3.73,1.22,7.19,9.7,3.61,1.22,2.23,0.28,47,0,3
948,5,6,6.79,5.46,02.01,02.04,6.85,07.09,8.8,2.66,1.91,02.01,08.07,0.2,21,1,1
949,2,8,1.99,5.61,7.32,3.41,2.91,4.94,9.49,6.99,3.8,8.91,1.53,0.84,96,0,3
950,8,4,8.57,0.29,9.43,01.09,01.08,1.8,1.9,8.92,6.17,6.4,7.65,0.74,86,1,4
951,6,6,8.78,0.31,0.08,03.03,0.79,3.23,6.9,01.02,1.76,1.1,1.21,0.27,30,1,4
952,10,4,7.98,2.55,4.21,7.23,6.44,1.99,06.03,4.35,0.95,8.57,4.4,0.24,23,0,0
953,10,4,09.08,9.94,0.49,6.51,3.64,02.06,2.46,3.55,6.29,7.51,0.19,0.96,100,1,0
954,10,10,8.14,8.24,6.37,5.8,9.47,8.88,9.52,8.22,3.0,4.59,0.25,0.05,40,0,1
955,8,6,9.33,4.94,4.1,2.28,4.59,8.63,0.51,7.57,0.54,2.21,03.07,0.62,55,0,4
956,6,6,4.91,4.21,3.96,1.53,9.76,0.94,7.57,1.78,2.55,6.35,7.66,0.09,5,0,0
957,1,2,0.88,5.69,8.61,6.55,0.67,3.17,3.72,9.54,2.52,4.51,3.52,0.94,54,0,1
958,7,5,09.03,2.47,7.53,2.48,1.49,06.06,1.35,8.24,5.17,3.1,9.21,0.4,78,1,3
959,6,5,1.82,4.76,9.71,7.95,5.2,5.62,3.63,5.9,04.09,1.23,1.8,0.15,43,0,1
960,8,7,9.75,04.08,08.06,0.31,4.39,7.19,7.13,05.04,2.15,7.52,2.53,0.25,13,0,3
961,6,4,9.41,8.29,2.66,1.79,02.09,9.26,7.1,3.72,7.26,6.12,05.08,0.58,54,0,3
962,1,4,8.95,1.65,07.05,0.33,3.55,05.01,6.84,0.53,9.89,3.36,7.86,0.0,28,0,2
963,4,4,7.1,9.36,05.07,3.17,1.39,03.08,3.81,3.34,6.2,2.82,9.39,0.85,16,1,4
964,9,5,1.31,9.74,3.96,1.45,04.08,5.92,0.23,0.26,8.9,4.13,5.68,0.44,18,1,4
965,1,6,8.8,3.1,5.77,6.36,6.11,4.44,8.37,6.96,07.09,6.76,2.73,0.97,33,1,2
966,8,2,3.53,6.68,4.41,7.23,7.54,6.67,2.47,6.75,2.95,6.93,7.65,0.62,37,0,2
967,8,9,8.43,05.05,8.63,8.91,5.48,01.04,8.86,4.13,2.27,8.16,6.55,0.11,54,1,1
968,1,2,0.72,9.52,9.39,7.56,9.47,3.18,8.77,9.64,5.33,3.61,4.7,0.7,12,1,4
969,1,8,8.48,8.36,8.25,1.28,2.35,7.8,1.6,7.69,7.42,3.96,6.59,0.09,80,0,1
970,1,7,01.05,6.43,2.82,04.01,07.09,2.43,9.33,9.33,03.02,7.94,0.9,0.28,68,0,4
971,10,3,1.32,7.38,7.79,9.49,8.3,1.63,3.65,9.23,4.11,7.84,7.78,0.87,23,0,4
972,6,6,9.37,9.34,3.93,8.91,1.51,0.83,5.62,6.45,9.25,04.09,9.7,0.67,64,1,2
973,7,4,6.29,1.81,5.45,4.9,2.72,6.14,08.08,5.4,4.64,9.62,07.07,0.18,63,1,0
974,3,6,04.01,01.06,9.23,6.91,2.13,3.83,07.09,06.08,0.08,4.24,9.98,0.14,32,1,0
975,7,3,1.2,2.46,7.75,8.43,3.96,5.41,3.45,05.03,1.18,4.39,8.15,0.41,38,0,2
976,9,10,5.49,9.15,8.12,0.85,8.66,05.09,1.34,03.09,8.26,7.66,4.88,0.67,90,1,3
977,10,10,05.09,2.94,9.85,5.15,5.62,0.32,1.37,2.99,8.52,2.45,3.18,0.12,86,0,2
978,10,4,8.0,3.14,2.48,7.48,3.79,04.07,4.98,01.01,9.45,7.94,3.12,0.58,54,0,1
979,5,4,4.25,3.89,6.71,0.62,3.45,6.54,4.1,4.47,06.03,4.54,4.64,0.76,66,0,2
980,3,1,9.27,3.35,1.52,3.59,7.62,2.75,2.49,2.37,6.71,3.78,5.68,0.08,76,0,3
981,4,10,9.85,1.36,07.06,7.3,4.65,2.57,0.48,1.74,07.01,0.81,5.13,0.52,91,1,3
982,10,1,1.3,09.04,3.25,0.99,9.38,5.41,2.11,1.82,1.42,2.66,1.5,0.32,90,1,3
983,6,5,2.35,1.64,7.0,3.96,2.33,9.92,0.64,1.19,09.05,6.89,5.87,0.31,93,1,0
984,1,5,1.81,1.56,8.53,09.01,3.67,3.99,0.4,9.33,2.41,6.67,1.73,0.77,9,0,2
985,9,8,9.44,5.83,5.46,08.07,2.48,0.05,1.81,5.15,5.84,9.1,7.39,0.68,66,1,2
986,10,4,0.69,9.25,5.56,4.44,8.1,5.88,2.89,0.58,6.67,6.61,3.34,0.64,95,1,1
987,3,9,05.04,0.57,9.66,7.11,06.03,0.63,5.47,2.72,9.28,03.01,7.96,0.35,24,0,0
988,2,7,8.32,4.75,7.97,7.11,0.53,04.02,5.78,4.51,3.32,1.42,4.61,0.42,62,0,3
989,5,9,4.68,0.42,1.18,7.81,3.12,1.7,0.77,1.84,8.33,8.19,0.63,0.49,60,1,1
990,3,2,1.8,6.85,6.26,3.97,2.25,6.45,6.35,2.81,01.06,2.18,6.48,0.9,72,1,3
991,3,4,9.16,1.79,0.87,0.04,5.12,9.31,06.05,1.27,4.52,5.71,9.55,0.16,86,0,2
992,8,4,4.62,7.67,2.32,09.08,1.86,1.23,4.24,7.94,0.67,6.58,9.36,0.12,70,0,4
993,1,10,3.89,6.51,1.78,7.78,09.06,9.57,0.95,6.8,4.97,9.51,7.44,0.88,72,1,2
994,7,3,8.93,2.48,5.96,2.34,3.37,3.92,6.38,8.3,3.98,4.38,9.8,0.46,69,1,2
995,1,8,9.28,6.84,4.45,5.3,2.11,1.13,1.26,9.63,04.02,9.48,06.04,0.05,41,0,0
996,1,2,5.82,4.2,4.27,9.42,8.61,7.43,1.93,2.41,5.1,01.08,0.88,0.3,20,1,4
997,3,7,9.17,3.53,02.04,8.37,4.96,0.97,9.62,09.06,0.27,8.98,0.65,0.07,51,0,3
998,6,5,8.53,5.47,2.58,6.22,0.08,1.38,9.63,5.73,5.33,4.93,5.31,0.25,35,0,3
999,5,4,1.53,4.32,0.47,3.6,2.31,0.65,3.61,5.51,05.08,4.1,3.51,0.79,100,1,1
1000,10,5,9.74,9.47,8.15,7.35,1.4,7.28,2.71,9.55,2.48,3.22,9.79,0.93,66,1,1